:020000041000EA
:10000000002008205D0100101B0100101D010010E0
:100010001101001011010010110100101101001058
:100020001901001019010010190100101F01001022
:10003000110100101901001021010010230100100E
:100040001101001011010010110100101101001028
:100050001101001011010010110100101101001018
:100060001101001011010010110100101101001008
:1000700011010010110100101101001011010010F8
:1000800011010010110100101101001011010010E8
:1000900011010010110100101101001011010010D8
:1000A00011010010110100101101001011010010C8
:1000B00011010010110100101101001011010010B8
:1000C00011010010110100101101001011010010A8
:1000D0001101001011010010110100101101001098
:1000E0001101001011010010110100101101001088
:1000F0001101001011010010110100101101001078
:100100001101001011010010110100101101001067
:10011000EFF30580103800BE00BE00BE00BE00BE7A
:1001200000BE00BEF2EB8871D44B0110F04B011001
:10013000A001001090A31AE7D3DEFFFF42012110B7
:10014000FF0100006C5D0100793512AB4FF000003B
:100150001E49086006C881F3088810474FF05040D8
:10016000006810B14FF00000F2E70DA40ECC00299A
:1001700002D000F012F8F9E71549164A002000E015
:1001800001C19142FCD11449884714498847144958
:10019000884700BEFDE701C901C29A42FBD3704700
:1001A000F04B011010010020C4130020A45E0110C8
:1001B0000000082000000820A45E011000100820A4
:1001C00000100820000000007047000008ED00E06B
:1001D000C41300201C63002085310010A102001010
:1001E00049310010F8B500BF064B0749C91A8910FC
:1001F00048BF0131491003D0044B0BB101481847E7
:10020000704700BFC4130020C4130020000000008A
:1002100008B5054B1BB105490548AFF30080BDE8A3
:100220000840FFF7E1BF00BF000000007861002038
:10023000D833011008B5006800F064FA08BD00006A
:1002400050B110B5054C00222146054803F034FB9F
:1002500023680133236010BD704700BF5C6100203C
:10026000B061002070B584B005460C4601AB02AA0F
:1002700003A901F033FA18B954B9204604B070BD8F
:100280000646019A0299039801F0F6F93446F4E71C
:100290002946014800F036FBD83301100000000069
:1002A00080B5BCB001214C48FFF7DCFF03F06AF8D1
:1002B00000F046F900F04FFA012000F0C5F90220E5
:1002C00000F0C2F94FF4E131444801F03BF902215A
:1002D000082000F0EFFA0221092000F0EBFA1920C3
:1002E00000F004FB0120192340EC44303C4B019307
:1002F0003C4B00933C4B3D4A002104F00BFB0DE0CE
:100300004FF050435B6803F00073B3FA83F35B096B
:10031000192243EC4020FA2000F08CFF01216420D8
:1003200004F012FB0028EBD137AE304604F044FA5B
:100330002AAC334600221146204604F005F928ADC8
:1003400023462B4A2B49284604F048F905F032F998
:100350000246294B2946294804F07AF905F02AF982
:100360000246274F274B2946384604F0A5F90DF1E0
:100370009C08254B009314A3D3E900232146404653
:1003800004F0CEF902AD334602222146284603F09E
:100390004DFE4146284603F0E3FE002400941B4B2B
:1003A0001B4A3946284603F0A1FE19234FF00102EB
:1003B00042EC4030174B1C6005A3D3E9002302A890
:1003C00003F03EFFF8E700BF00CA9A3B00000000C0
:1003D00000E1F50500000000F04902000080074040
:1003E000FD070010D5070010D1070010AD07001061
:1003F000303801100C34011018340110B0610020A5
:10040000386200202434011041020010350200102F
:10041000606100205C61002007EE101ADFED137AA6
:1004200037EE277AFCEEC77A17EE903A9BB2B3B15B
:1004300082B007EE903AF8EE677A37EE677ADFED32
:100440000C7A27EE277AFCEEC77ACDED017A9DF87B
:1004500004201B0443EA0223036002B07047002219
:100460001B0443EA02230360704700BF0000003B07
:10047000000080430022026042608260C2604FF44C
:10048000803202604FF4F83242604FF48022826082
:100490004FF440228260704738B504460D46FFF79E
:1004A000E9FF2A1D63686FF3D01343EAC51141EADF
:1004B00002316160E36823F0604343F08043E3600E
:1004C00021F0C04141F080416160204638BD0223E7
:1004D000002204E0C15C0A4492B20133DBB2C1786D
:1004E00001319942F6DAD043C0B2704738B50546BB
:1004F0000C4602234FF0010242EC4030052000215F
:1005000000F086FE002208E0A95C0C4B5B6813F447
:10051000803FFAD1094B196101329442F4DC074B58
:100520005B6813F0807FFAD06420002100F070FE39
:1005300002234FF0000242EC403038BD0000205052
:100540002DE9F04186B0022000F0D0F90223012508
:1005500045EC4430002747EC4030224C22492046ED
:1005600003F00EF806460DF1080801464046FFF775
:1005700093FF059921F01F032B43059321F07C7312
:1005800023F01F0343F480132B430593174A0A40BB
:10059000174B134305930621284600F08BF900956D
:1005A0002B462A463946204603F002F8052001F082
:1005B0005DF807EE900AF8EE677A9FED0E7AC7EEC7
:1005C000877A17EE901A4046FFF726FF43463246D9
:1005D0003946204603F03BF823682B43236006B0DE
:1005E000BDE8F0810000205000400110E0830FFCC6
:1005F000010410000000614910B584B055238DF846
:1006000004308DF805308DF8060007238DF807308B
:1006100001238DF808308DF8091009128DF80A10A1
:100620008DF80B20120A8DF80C2000238DF80D3068
:1006300001AC2046FFF74BFF8DF80D000A21204644
:10064000FFF754FF04B010BD10B582B055238DF8EC
:1006500000308DF801308DF8020004238DF803304E
:100660001F238DF8043001238DF8053000238DF809
:1006700006306846FFF72BFF8DF806000721684615
:10068000FFF734FF02B010BD08B54FF47A72C821ED
:100690000120FFF7B1FF40F24C4000F0CBFD4FF4DA
:1006A000FA724FF448710220FFF7A6FF4FF416705C
:1006B00000F0C0FD4FF47A724FF448710120FFF74B
:1006C0009BFF08BD08B54FF47A72C8210120FFF7DF
:1006D00093FF40F24C4000F0ADFD012000F026F801
:1006E0004FF4FA7000F0A6FD4FF4FA7200210220D8
:1006F000FFF782FF4FF47A724FF448710120FFF741
:100700007BFF08BD08B501280AD002280BD048B9E4
:100710004FF47A724FF4FA71FE20FFF76DFF01E09B
:10072000FFF7D0FF08BDFFF7AFFFFBE750B10A238B
:100730004FF0010242EC40300B234FF0000242EC3C
:10074000403070474FF000030A2243EC40200B2258
:1007500043EC4020704710B50A2000F0C7F84FF076
:1007600001040A2344EC44300B2000F0BFF80B23B3
:1007700044EC44300020FFF7D9FF10BD10B483B023
:1007800000210DF1070209E0836913F0100FFBD17E
:100790000468134603F8014B01311A460029F3D0CF
:1007A0009DF8070003B05DF8044B704708B54FF49F
:1007B000E131064800F0C6FE0221082000F07AF878
:1007C0000221092000F076F8012008BD00800740D2
:1007D0000120704710464FF0000C0AE0064B9B6961
:1007E00013F0200FFAD111F8012B034B1A600CF112
:1007F000010C6045F2D87047008007402DE9F843AE
:10080000884617461E4600F001FEF50E7201921B47
:1008100065F10005AD0045EA92759200921945F127
:100820000005ED0045EA5275D200841845EB01053C
:10083000002D19DB0026BE421BD200F0E7FD201A76
:1008400065EB0101012871F1000112DB0A4B9B6984
:1008500013F0100FEFD106F101090748FFF78EFFE3
:1008600008F806004E46E6E74FF0FF346FF000450B
:10087000E0E73046BDE8F8830080074070B50C46DD
:1008800000F0C4FD06460D46094A002312F05CFD47
:10089000C4E90001064A00233046294612F054FDFF
:1008A0004FF47A7303FB02F2A260002070BD00BF18
:1008B00040420F000C4B03EB800253F8203083F0D2
:1008C000400303F0C00302F5805CCCF80030C000A8
:1008D00000F1804000F52030416002F540524FF4B5
:1008E00080731360704700BF0480034008B54FF069
:1008F000000242EC440042EC40000521FFF7DAFF21
:1009000008BD00000FB400B583B0049C074802F096
:100910003BFD3CB105A90191204602F045FD04488C
:1009200002F032FD012002F0F3FB00BF3034011071
:1009300040340110EFF3108072B6064BD3E8CF1F9E
:1009400001220029FAD1C3E8412F0029F6D1BFF3D3
:100950005F8F70479F5C00200023034AC2E88F3FEF
:1009600080F31088704700BF9F5C002070B505467B
:100970000C461646FFF7DEFFE208A95C04F0070C00
:10098000012303FA0CF3194205D1DBB20B43AB543C
:10099000FFF7E2FF70BD21463046FFF7B3FF0000CE
:1009A000054A1078431CDBB21370172B02D913468B
:1009B00010221A70704700BFE80B00204FF0E022B1
:1009C000936843F00053936070470000002305E0F4
:1009D000044A1A440021C2E88F1F01331F2BF7D9A4
:1009E000704700BF945C0020064B9B68103043F8B2
:1009F0002010BFF35F8F00230349C1E88F3F82F3CC
:100A00001088704700ED00E09D5C002000487047B2
:100A100000E400E008B5FFF7F9FF002304E04FF021
:100A2000803240F8042B01330C2BF8D962B608BD94
:100A30003AB1064B00F1600243F8221043F820104F
:100A400070472030014B43F82010704700E100E070
:100A500008B50A4600F01F03012199404009FFF73D
:100A6000E7FF08BD024B9B68103053F82000704729
:100A700000ED00E070B505460C46EFF3108672B647
:100A80000F4BD3E8CF1F01220029FAD1C3E8412F31
:100A90000029F6D1BFF35F8FFFF7E4FF094B9842BF
:100AA00001D0A04205D1324621462846FFF79CFFDF
:100AB00070BD054B054AED21054802F049FB00BF1A
:100AC0009D5C002011010010A4340110144001109D
:100AD0005C340110014B0B4403607047945C0020B0
:100AE00010B50446FFF75CFF01462046FFF7F2FF12
:100AF000FF232371BFF35F8F10BD10B50446FFF7CE
:100B00004FFF01462046FFF7E5FFFF232371002337
:100B10006371BFF35F8F10BD10B50D4C09E00D4B35
:100B20000D4A1A210D4802F013FB2046FFF7D8FFAB
:100B300008340B4B9C4209D22368002BF5D0012BC3
:100B4000EDD12046FFF7D9FF0834F2E710BD00BF12
:100B5000BC130020DC34011054400110FC3401109F
:100B6000C41300200246EFF30583DBB2103B990863
:100B700004D0034803F00303136070470148F9E70A
:100B800000800B4000000B4010B4846AA2EB040C00
:100B90000B1D50F823301B1B9C4504D3046A012312
:100BA0008B401C4202D1043140F821205DF8044BF7
:100BB000704741EA004070470D4B1A68EFF310810F
:100BC00072B6D2E8CFCF0120BCF1000FF9D1C2E854
:100BD0004C0FBCF1000FF4D1BFF35F8F1A680023F4
:100BE000C2E88F3F81F3108840BF0020002170478A
:100BF000006200202DE9F04F85B003A8FFF7B2FF97
:100C0000954B984214BF00230123039901EB830302
:100C1000924A52F823402378994206D10546012290
:100C20008A4000F541535A602CE18D4B8D4A922148
:100C30008D4802F08DFAD4F8149006EB46074FEA7F
:100C4000C70A09EBC707D7F808B0D7F80C802846C1
:100C500000F0B2FBB0EB0B0061EB0803002BC0F21D
:100C60001A81B8F1000F64DB3B691A4600937F4B91
:100C70009A4230D0798889B2B4F90800FFF799FF19
:100C80007969009B9847009001910099019A51EA77
:100C900002034ED01346002A29DABBEB010268EBAF
:100CA0000308BA60C7F80C8039F90A70002FC0F247
:100CB000F280D4F814E007EB47030EEBC303996806
:100CC000DB68511A68EB0303002BC0F2E480A446F2
:100CD0002CF8087F17E07A6913690092104698474C
:100CE00038B3009A1368009353680193CDE7284600
:100CF00000F062FB009B1A18019B43EB0108D0E750
:100D00009C463EF90B70002F0EDBBCF9003003EB64
:100D100043034FEAC30B0EEBC3039868D968101A5C
:100D200068EB01010029EBDA29F80A70ACF80060E1
:100D3000B1E039F90A3023812369EFF3108272B6EA
:100D4000D3E8CF0F01210028FAD1C3E8401F0028C3
:100D5000F6D1BFF35F8FB4F9023029F80A3066800C
:100D600021690023C1E88F3F82F3108893E0236953
:100D7000EFF3108272B6D3E8CF0F01210028FAD129
:100D8000C3E8401F0028F6D1BFF35F8FB4F804809A
:100D90000FFA88F84FF6FF73A38021690023C1E89A
:100DA0008F3F82F310881AE01F4630F90A60002E48
:100DB0000FDBB7F9003003EB43034FEAC30A00EB44
:100DC000C3039968DA68BCEB01016EEB0202002AEA
:100DD000EADAA7F8008030F9098020F80960B8F154
:100DE000000F5DDB606908EB48034FEAC30900EBC5
:100DF000C303D3F808C0D3F80CE004F10807B4F932
:100E00000860D4E70023A37104F1080CB4F908309A
:100E100010E04FF0FF384FF0FF39C0E90289B4F914
:100E20000800984205D0ACF80020B4F90800C85377
:100E300023811346B3F1FF3F35D0616903EB4302D1
:100E4000D70001EBC20031F93220468816F4004F7A
:100E5000DFD18446EDE700BF00800B4090610020A9
:100E60009035011080400110BC350110F50B0010C9
:100E7000284600F0A1FA3F1A66EB0106012F76F131
:100E8000000628DA039A01239340EB63B4F9086063
:100E9000002EBFF6D0AEA38813F4004F3FF467AF27
:100EA000A379002BAED1B4F90830002B13DB6269B3
:100EB00003EB430302EBC3039F68DE68B6F1FF3F19
:100EC00008BFB7F1FF3FD3D03A46334603992846CF
:100ED000FFF75AFECCE740BF05B0BDE8F08F00BF7A
:100EE000F8B504460D4611460A4B984210D000262C
:100EF0002E44012707FA05F525623046FFF7BAFDB3
:100F000039463046FFF7A4FD04F501542560F8BDCD
:100F10000426EDE700800B40F8B504460E46174660
:100F20001D46C160FFF73CFD164B0344236127704B
:100F3000ABB263814FF05042127862704FF6FF728D
:100F40002281A280013B63804FF0000C08E00CF18D
:100F5000FF300CEB4C0E636923F83E000CF1010CE2
:100F6000AC45F4D3084B9E4214BF0023012307EB8A
:100F70008303064A42F82340054A39463046FFF7C4
:100F8000AFFFF8BD945C002000800B409061002012
:100F9000F50B001008B5054B1B690BB1034808BDE4
:100FA000034B044A6521044802F0D2F8EC0B002000
:100FB000FC35011068400110BC350110F8B504463D
:100FC0009E460069EFF3108172B6D0E8CF6F01251D
:100FD000002EFAD1C0E8465F002EF6D1BFF35F8F36
:100FE000B4F90250666905EB4500C70006EBC00086
:100FF000002D03DB36F907C0A4F802C04FF0000C47
:101000002369C3E88FCF81F31088654533DB0699E8
:101010000161079941618260C0F80CE0418889B2A2
:101020000131C1F30E0101B9012141802846FFF7CA
:10103000C0FD2369EFF3108272B6D3E8CFCF012150
:10104000BCF1000FF9D1C3E84C1FBCF1000FF4D183
:10105000BFF35F8FA388F353A58021690023C1E804
:101060008F3F82F31088E368217801228A4003F5DC
:1010700001535A60F8BD4FF0FF30FBE770B582B006
:10108000064615461C469DF8203033B900F0BEF9DF
:10109000854264EB010100290ADB079B0193069B53
:1010A00000932A4623463046FFF788FF02B070BD02
:1010B0000020FBE7F0B585B005460C4616461F46F6
:1010C000FFF768FF9DF828300293019700962A46A3
:1010D0002346FFF7D3FF05B0F0BD03464089B0EBD0
:1010E000214F31DD10B50A14586902EB420200EBC2
:1010F000C2001A69EFF3108C72B6D2E8CF4F5FF0DE
:10110000010E002CF9D1C2E844EF002CF5D1BFF359
:101110005F8F428892B289B28A420FD0002019694B
:101120000022C1E88F2F8CF3108830B1DA681B7869
:101130000121994002F50153596010BD42F400426B
:10114000428001209871EAE70020704710B50446FC
:10115000FFF720FF2146FFF7C0FF10BDF0B583B0B9
:10116000EFF30583DBB2CBB904460D46861F41F190
:10117000FF37B04271EB070301D20026374600F07B
:1011800045F9301A67EB0103012873F1000308DA0F
:101190002046294600F04CF903B0F0BD1848FFF78F
:1011A000B1FB00230093174A30463946FFF782FF10
:1011B000002819DAECE7144B1A68EFF3108172B6C5
:1011C000D2E8CFCF0120BCF1000FF9D1C2E84C0F1B
:1011D000BCF1000FF4D1BFF35F8F1A680023C2E89F
:1011E0008F3F81F3108820BF084B5B6A9F42E2D893
:1011F000064A926AB242CBD29F42C9D1DBE700BF16
:1012000020360110B90B00100062002000000B40D6
:1012100038B504460D4600F0F9F8201845EB0101F9
:10122000002902DBFFF79AFF38BD4FF0FF306FF067
:101230000041F7E708B5C30E4101091A63F1000345
:101240009B0043EA91738900091843F10003DB0016
:10125000C80043EA5171FFF7DBFF08BDF0B583B06A
:1012600005460C46EFF30583DBB293B1384B5B6A5E
:101270008B4209D3364A926A824208D28B4201D00D
:10128000012002E0002000E0002003B0F0BD0120BA
:10129000FBE7FFF77FFEC7680678384600F08CF85A
:1012A0002A1A64EB0101043657F826301B1A9A42B9
:1012B00071F1000112DB20BF254B5B6A9C4209D80B
:1012C000234A926AAA4207D29C4201D00120DCE75D
:1012D0000020DAE70020D8E70120D6E700230093BA
:1012E0001C4A28462146FFF7E5FE002818DD184B6A
:1012F0005B6A9C4205D8164A926AAA4202D29C4274
:1013000000D120BFFFF722FF114B5B6A9C421BD824
:101310000F4A926AAA4219D29C4213D00120B4E724
:101320000B4B5B6A9C4209D8094A926AAA4207D2CF
:101330009C4201D00120A8E70020A6E70020A4E7F6
:101340000120A2E70020A0E700209EE701209CE703
:1013500000000B40B90B00100048704700000B4024
:1013600010B50A4B1B6923B10A210948FFF7B2FBEC
:1013700010BDFFF7F1FF0446032100F00BF8102326
:10138000032221460148FFF7C7FDEDE7EC0B0020E3
:101390000062002010B5054A054C064BA04214BF60
:1013A0001846581CFFF7E2FA10BD00BF7036011056
:1013B00000800B40DC5C00200246436A906A1946BC
:1013C000536A9942FAD17047416A00E0416A9942F2
:1013D000FCD300E0416A994202D1816A9142F9D37B
:1013E000704770B5064614461D46FFF7E5FF021923
:1013F00041EB0503824273EB010102D24FF0FF3251
:1014000013463046FFF7E0FF70BD000008B5024804
:10141000FFF7D2FF08BD00BF00000B4008B5024631
:101420000B460248FFF7DDFF08BD00BF00000B4080
:1014300008B502460B460248FFF7C6FF08BD00BFCD
:1014400000000B40074B98420AD01A2301229A4011
:10145000054B1A60054B9B6832EA0303FAD17047CB
:101460001B23F3E7008007400030024000000240E9
:1014700038B5046B14F0010F01D1204638BD00F5DA
:10148000405340F201321A63436A856A05EB8315C3
:10149000AD02062000F0EAF8044BA3FB0030C00ABE
:1014A000B5FBF0F00021FFF7B9FFE6E7757B2B8F66
:1014B00070B505460C461646FFF7DAFFEB6A5C404E
:1014C000344005F58153DC60286370BD70B5054676
:1014D0000C46062000F0CAF8C300B3FBF4F3013356
:1014E000DC0907D04FF6FE72944214D82646C3F3A7
:1014F000450400E001266E62AC62002211462846D7
:10150000FFF7D6FF062000F0B1F8800004EB861448
:10151000B0FBF4F070BD00244FF6FF76EBE700005F
:1015200049B10A22054B984214BF00200120044B08
:1015300023F8102070474FF48072F3E700800740D3
:10154000C062002038B504460D46062000F08EF833
:10155000F8B1114B9C421DD01A22012393400F4A2F
:1015600013602046FFF76EFF00212046FFF7D8FFEB
:1015700029462046FFF7AAFFE36A83F0700303F0D1
:101580007E0304F58152D36040F2013323630323C9
:10159000A36438BD1B22E0E7008007400020024022
:1015A00070B51646049D00EB400C4FEA8C0C0CF114
:1015B000804C0CF5803CDCF80420AA4201D2CCF827
:1015C0000450A0F1040E5FFA8EFEBEF1010F28D97F
:1015D0000CF540524FF4006414601E4A52F820206B
:1015E00042B11C4C6469B4FBF2F4013404EB4404D2
:1015F000033CFDD2DCF8002082EA461202F0E00251
:101600000CF580542260BEF1010F16D90CF5005282
:101610004FF400611160CCF804500E4A42F82030BB
:1016200070BD0129D4D10CF5405203241460DCF8BC
:10163000082012F0010FFAD0DCE7DCF800204A4065
:1016400002F003022260DCF8084001228A401442C2
:10165000F9D0DBE7F05C002010B582B04FF48034A5
:101660000094FFF79DFF02B010BD0000014B53F83E
:1016700020007047F05C0020F0B583B004460D46B2
:101680001646134F3B46012211460520FFF7E4FFA3
:1016900000962B46224601210E4800F059F806FB21
:1016A00005F5B4FBF5F40C4B002202210420FFF7F2
:1016B000D3FF2346002201210520FFF7CDFF3B4643
:1016C000022200210620FFF7C7FF03B0F0BD00BFD4
:1016D000006CDC0200000540001BB7002DE9F04162
:1016E00004460E46174698464FF4A0751AE0013B93
:1016F0009BB103FB00FCB2FBFCFEA645F7D10CFB43
:101700001E210029F3D1104A02FB05F5356038602F
:10171000C8F800300120BDE8F081013808B1034667
:10172000E6E7013D0F2D0CD942F6E06205FB02F21F
:10173000A2F53723A3F5D87304498B42F1D80720CB
:10174000ECE70020E7E700BF001BB70050F80C00F3
:1017500070B5049C344DB5FBF1FC344D1544344E4A
:10176000B54237D8B2FBFCF5A5F1100EBEF5987F57
:1017700036D803F1FF3EBEF1060F37D804F1FF3E25
:10178000BEF1060F32D8BCEB121F35D8240344EA51
:1017900003440368002B35DB264B984242D00E23CE
:1017A00001229A40244B1A6003F580531A60234BA0
:1017B0009B6832EA0303FAD10160856000F540526C
:1017C0000432212313600368002BFCDAC460082371
:1017D000136070BD1A4B1B4A11211B4801F0B8FC65
:1017E0001A4B184A1921184801F0B2FC184B154A37
:1017F0001C21154801F0ACFC164B124A232112485B
:1018000001F0A6FC036803F03F038B42C4D1836858
:10181000C3F30B03AB42BFD1C36803F4EE23A3426F
:10182000BAD1D6E70F23BBE7001BB70080E84BD344
:1018300080F8A932008005400020024000000240EC
:101840009436011098400110E43601102C37011035
:101850004837011094370110054A00EB400302EBB2
:101860008303596000EB4000800001231350704750
:101870000080104008B50023DB8A002242E800F215
:1018800012F4800F02D11021984708BD0421984717
:10189000FBE70000034BD3F82838002BFAD0BFF346
:1018A0005F8F704700000E40002207E0054B134495
:1018B0009B00BFF35F8F002119600132072AF5D921
:1018C000704700BF0382031008B5FFF7EDFF08BDA6
:1018D000074B4FF42A621A604FF48D72DA6003F5F9
:1018E0000053044A1A60024B5B68002BFBDA704716
:1018F0000080044000B0FA0010B5044602E054F83D
:10190000043B9847014B9C42F9D310BDD0330110E2
:101910007047000008B50248FFF7EEFF08BD00BFA2
:1019200090330110064B074A1A6003F58053064AAC
:101930001A60064B9A68044B9343FAD1704700BF74
:10194000002002407F3BEFEFF6FFF3030000024070
:10195000054BDB6CB3F5004F00D07047034B4FF4E1
:101960008022DA64F9E700BF000011500020115016
:101970004FF0E022D2F8881D034B0B43C2F8883D9C
:1019800010EE3004704700BF03033000054B6FF0CA
:1019900060421A60044B9B68DB4333F06043F9D12B
:1019A000704700BF003002400000024008B545F219
:1019B0005320FFF75FFF03460420984708BD08B592
:1019C00045F25320FFF756FF03460120984708BD14
:1019D00008B5FEF7FBFF08BD10B50C490C4A521ABA
:1019E00092101446442A28BF44229200094811F05C
:1019F00089FA04E0084A074B43F824200134432CB9
:101A0000F8D9044A054B9A6010BD00BF00000010D1
:101A100010010010000000201101001000ED00E096
:101A200038B50420FFF722FE064BA3FB0035AD0CB2
:101A3000002404E02946E0B2FFF70EFF0134052C34
:101A4000F8DD38BD83DE1B4330B583B0264B002262
:101A5000C3F88420FFF73CFF244B0122DA63224BBA
:101A60005B6C012BFBD1214B03221A631E4B9B6B3A
:101A7000012BFBD10224009405231D4A01211D489E
:101A8000FFF766FE052500952B461B4A01211B48E2
:101A9000FFF75EFE1A4B002221460420FFF7DCFD13
:101AA000184C2346002201212846FFF7D5FD164D8C
:101AB0002B46002211460820FFF7CEFD2B460022C0
:101AC00011460920FFF7C8FD2346002211460620D3
:101AD000FFF7C2FD2346002211460720FFF7BCFD99
:101AE000FFF79EFF03B030BD000001400030014011
:101AF000002F685900000540008C86470080054093
:101B0000001BB70080D1F008006CDC0286B003B483
:101B100051FC0804CDE9020151FC0904CDE904019E
:101B200051EC0A04CDE9060103BCF047BDE80050C2
:101B30004EEC00C4BDE800504EEC01C4BDE80050BE
:101B40004EEC02C400BD000000B5FFF7DFFF02E06D
:101B500010FE30F4F8D441EC100443EC112400EEF4
:101B6000010410EE010480EE200451EC10047047D3
:101B700000B5FFF7CBFF02E010FE30F4F8D441ECE3
:101B8000100443EC112400EE010410EE210480EE59
:101B9000200451EC3004704700B5FFF7B7FF02E0B6
:101BA00010FE30F4F8D410B541EC100443EC1124CD
:101BB00051EC040453EC0524A0FB024C5FF0000E32
:101BC000E0FB03CEE1FB02CE4CEC20440024E1FB21
:101BD00003E444EC30E480EE200451EC5004BDE812
:101BE0001040704700B5FFF791FF02E010FE30F49F
:101BF000F8D441EC100443EC112451EC2104A0FB77
:101C000001126FEA820252FB100052FB12F252FBE9
:101C10001000A0EBD07C53EC04245CFB13F153ECDC
:101C20001524A1FB022001FB030053EC4424A2EB8A
:101C3000000050FB1CF24FEA111312EB017043EB52
:101C4000E27140EA515020EA915020F0070053EC35
:101C50007524A0FB023C53EC752400FB03CC01FB74
:101C600002CC53EC0424ACEB824C40EA5C70A0F153
:101C7000010041EC400480EE200451EC70047047F8
:101C800000B5FFF743FF02E010FE30F4F8D440EC5B
:101C9000700400EE010410EE210480EE200451ECEB
:101CA0003004704700B5FFF731FF02E010FE30F45A
:101CB000F8D440EC600400EE010410EE210480EE44
:101CC000200451EC3004704700B5FFF71FFF02E01D
:101CD00010FE30F4F8D441EC800400EE010410EE64
:101CE000010480EE400410EE1304704700B5FFF7C6
:101CF0000DFF02E010FE30F4F8D441EC800400EE59
:101D0000010410EE010480EE400410EE330470472D
:101D100000B5FFF7FBFE02E010FE30F4F8D441EC12
:101D2000100443EC112400EE010410EE3004C0F363
:101D30000070704700B5FFF7E9FE02E010FE30F4D6
:101D4000F8D443EC102441EC110400EE010410EE31
:101D500030F48CBF01200020704700BF00B5FFF7B2
:101D6000D5FE02E010FE30F4F8D443EC102441EC30
:101D7000110400EE010410EE30F42CBF012000200D
:101D8000704700BF00B5FFF7C1FE02E010FE30F45F
:101D9000F8D441EC100443EC112400EE010410EEE1
:101DA00030F42CBF01200020704700BF00B5FFF7C2
:101DB000ADFE02E010FE30F4F8D441EC100443EC28
:101DC000112400EE010410EE30F48CBF012000203D
:101DD000704700BF08B528B103460B44034A93423D
:101DE00000D808BD0248FEF78DFD00BF00000820A6
:101DF000B037011038B505460FF094FD044629466A
:101E0000FFF7E8FF204638BD70B505460E460FF0D7
:101E1000FBFC044606FB05F1FFF7DCFF204670BD26
:101E200038B50D4610F07EF804462946FFF7D2FF7C
:101E3000204638BD08B50FF07DFD08BDEFF31080DA
:101E400072B6064BD3E8CF1F01220029FAD1C3E8AE
:101E5000412F0029F6D1BFF35F8F7047A15C0020AE
:101E600010B50446FFF7EAFF0346D4E9000100225B
:101E7000024CC4E88F2F83F3108810BDA15C0020B2
:101E8000D0B5044616461F46FFF7D8FFC4E90067E1
:101E90000023034AC2E88F3F80F31088D0BD00BF03
:101EA000A15C0020D0B5044616461F46FFF7C6FFCA
:101EB0000346D4E90001C4E900670022024CC4E8EB
:101EC0008F2F83F31088D0BDA15C00209A4200D2EE
:101ED00088547047704720B108B50A684968904730
:101EE00008BD70470146002008E000EB8000531C4D
:101EF0000B60137803EB4003A3F130000A681378FA
:101F0000303BDBB2092BF0D970472DE9F04F83B09D
:101F100005460E4693461F46DDF830A00D9CDDF8C1
:101F200038900F9B13F0030F19D1A046019208E0DF
:101F300002F1010B3B4631462020A84708F1010879
:101F40005A46C845F4D3DDF804B008E0013C02F17C
:101F500001083B4631461AF80400A8474246002CC7
:101F6000F4D10F9B13F0020F09D1104603B0BDE866
:101F7000F08F541C3B4631462020A8472246A2EB56
:101F80000B034B45F5D3F0E72DE9F04385B09946B7
:101F90000C9D0D9C9DF83880DDF840E0119F129E4D
:101FA00016F0020F21D17FB116F0010F0CD0B8F15D
:101FB000000F02D116F00C0F06D0013F04E04FF0E5
:101FC000300C05F804C00134744501D21F2CF6D939
:101FD00016F0010F09D0BC4207D21F2C05D84FF0D4
:101FE000300C05F804C00134F2E716F0100F14D0DD
:101FF00016F4806F04D11CB1744522D0BC4220D0AD
:102000000F9B102B33D00F9B022B3DD01F2C0ED8D3
:102010004FF0300C05F804C001341F2C07D8B8F17C
:10202000000F39D04FF02D0C05F804C00134039691
:102030000297019400954B46FFF767FF05B0BDE896
:10204000F083B4F1010C1DD00F9B102B0ED0644611
:102050000F9B102BD7D116F0200FD4D01F2CD2D825
:102060004FF0580C05F804C00134CFE7023C16F0DD
:10207000200FEDD11F2CEBD84FF0780C05F804C0E1
:102080000134C3E76446BBE71F2CD0D84FF0620C85
:1020900005F804C00134B9E716F0040F05D04FF07D
:1020A0002B0C05F804C00134C1E716F0080FBED0B0
:1020B0004FF0200C05F804C00134B8E7F0B591B03A
:1020C000169C189D1B9E0CB926F0100616F4806E07
:1020D0001DD064B34FF0000E19E016F0200F24D08D
:1020E0004127BC445FFA8CFCACF10A0C5FFA8CFC13
:1020F0000EF101070EF1400EEE440EF820CCB4FBB9
:10210000F5FCAC4214D31F2F12D8BE466446B4FB74
:10211000F5FC05FB1C4C5FFA8CFCBCF1090FDCD80C
:102120000CF1300C5FFA8CFCE2E76127D9E7274617
:1021300006961A9C0594199C049403959DF85C409E
:102140000294019708AC0094FFF71EFF11B0F0BD98
:102150002DE9F04F95B009900A910B929846DDF861
:1021600078B0DDF87C90229D239F269E5BEA0902D1
:1021700001D126F0100616F4806424D05BEA09022F
:102180002FD000241FE016F0200F28D04123134445
:10219000DBB20A3BDBB204F1010A04F150020DEBA1
:1021A000020404F8203C2A463B465846494611F0B2
:1021B000CBF8AB4579EB070915D3BAF11F0F12D84D
:1021C0005446834689462A463B465846494611F0BE
:1021D000BBF8D2B2092AD6D83032D3B2DBE76123BA
:1021E000D5E74FF0000A0696259B0593249B0493A0
:1021F00003959DF880300293CDF804A00CAB0093BA
:1022000043460B9A0A990998FFF7BEFE15B0BDE840
:10221000F08F0000000000002DE9F04F93B004465D
:102220000D4617461E46DDE91CAB52465B4650463E
:102230005946FFF771FD002840F0F3804FF0FF3260
:10224000AD4B50465946FFF7B5FD002840F0E980F8
:102250004FF0FF326FF4801350465946FFF76EFD82
:10226000002840F0DE800022002350465946FFF748
:1022700065FD002840F0E680CDE906AB209B13F415
:1022800080630F9301D106231E93DDE906231046D8
:102290001946CDE90A01079B52EA030100F0DC80F0
:1022A000C3F30A50C3F31303904643F07F5949F434
:1022B0004019A0F2FF30FFF7E7FC7DA3D3E900232C
:1022C000FFF76EFC7CA3D3E90023FFF741FCCDE9C7
:1022D00008010022894B40464946FFF74DFC78A390
:1022E000D3E90023FFF75CFC02460B46DDE9080159
:1022F000FFF72EFCFFF7ECFC0890FFF7C5FC8046CB
:10230000894671A3D3E90023FFF74AFC00227C4BE6
:10231000FFF71EFCFFF7DCFC0A906DA3D3E9002356
:1023200040464946FFF73CFC804689460A98FFF73D
:10233000ABFC69A3D3E90023FFF732FC02460B464E
:1023400040464946FFF718FC8046894602460B4640
:10235000FFF726FCCDE90C010A9B03F2FF330021B5
:102360000022CDE90A121B050B9300230A93424673
:102370004B4640464946FFF7EBFBCDE9100142468C
:102380004B4600204FF08041FFF7F6FB8046894620
:1023900000225C4BDDE90C01FFF728FC00225A4BC0
:1023A000FFF7D6FB02460B46DDE90C01FFF71EFCEA
:1023B0000022564BFFF7CCFB02460B46DDE90C0131
:1023C000FFF714FC02460B4640464946FFF7C0FBA8
:1023D00002460B46DDE91001FFF708FC00224C4BDA
:1023E000FFF7B6FBDDE90A23FFF7DAFB80468946F3
:1023F000CDE90A89DDE90623FFF7DCFC50B1089B33
:10240000013B08930022404B40464946FFF7EEFB54
:10241000CDE90A01089B6333C62B46D84FF0040868
:102420001EE0209B04931F9B03931E9B0293CDE908
:1024300000AB33463A462946204600F0FDF813B07B
:10244000BDE8F08F9FED267B8DED067BCDF818A0C3
:102450000BF10043079311E7002308934FF00408A2
:10246000209B13F4006F5FD0DDE90A1213460B4383
:1024700013D01DA3D3E90023DDE90601FFF786FC95
:10248000002800F0B4801AA3D3E90023DDE9060197
:10249000FFF754FC002800F0AA801E9A089B9A427D
:1024A00038DDD31A013B1E9336E04FF00508D7E71D
:1024B000FB799F501344D33FB3C8608B288AC63F33
:1024C00061436F63A787D23F71A379094F930A4095
:1024D0001655B5BBB16B0240EF39FAFE422EE63F0E
:1024E00000000000000000002D431CEBE2361A3F04
:1024F0000000000080842E41FFFFEF7F0000F83FC6
:102500000000E03F00002C40000024400000184084
:102510000000F03F00231E93209B43F48063209330
:102520004FF00008CDF820801F9B984569D2A3EB9F
:102530000809209B13F002030C9304D0B8F1000F9C
:1025400001D04FF00009089B3BB1DDE90A23DDE92A
:102550000601FFF74BFBCDE90601002200235046A0
:102560005946FFF7EBFB00284ED1209B23F4006374
:102570000493CDF80C901E9B02939DED067B8DED90
:10258000007B33463A462946204600F055F8B8F11C
:10259000000F3FF454AF209B13F0200F3CD04FF0BE
:1025A000450C00F101093346024629466046A04722
:1025B000089981EAE172A2EBE1720523059308F123
:1025C000FF330493002303930A230293CB0F019359
:1025D000009233464A4629462046FFF76FFD0C9B82
:1025E000002B3FF42CAF0246DDF87C901EE01E9BD2
:1025F000002B99D00F9B002B96D01E9B013B1E9366
:1026000092E74FF0000994E7DDE90601024601F187
:102610000043CDE90623A8E74FF0650CC1E702F1BE
:102620000108334629462020A0474246D31B4B458C
:10263000F5D3104603E700BF2DE9F04F2DED028BD7
:1026400095B007900A9192469B46DDE92089229D2C
:1026500042464B4640464946FFF75EFB002835D1CF
:102660004FF0FF326FF4801340464946FFF766FB98
:1026700000283AD14FF0FF32B14B40464946FFF7B0
:1026800099FB002840D1AAA3D3E90023404649463C
:10269000FFF790FB00284DD1A7A3D3E900234046C4
:1026A0004946FFF74BFB002844D100220023404657
:1026B0004946FFF743FB00284AD100230B93249B94
:1026C00013F4806F00F0B580002454E0249B039342
:1026D000239B0293032301939A4B00935B4652463C
:1026E0000A990798FFF711FC1BE1249B0393239B96
:1026F000029304230193944B00935B4652460A993C
:102700000798FFF702FC0CE1249B13F0040F0ED096
:102710008E4B0422249903912399029101920093F4
:102720005B4652460A990798FFF7EFFBF9E0884BA2
:102730000322EFE7249B0493239B03930295CDE9A7
:1027400000895B4652460A990798FFF765FDE8E065
:1027500042464B4600200021FFF70EFA804689468C
:1027600001230B93ABE704F150036B44302203F8D1
:10277000202C013D01341F2C01D8092DF3D84046EF
:102780004946FFF7A5FA0646FFF77EFA02460B46D2
:1027900040464946FFF7F0F96E4B03EBC50393ED56
:1027A000008B53EC182BFFF7FBF902460B46CDE9E3
:1027B0000823FFF79FFA0746FFF778FA02460B4611
:1027C000DDE90801FFF7D8F902460B46CDE90823F9
:1027D0000022614BFFF7EEFA68B301373846FFF786
:1027E00065FA02460B4651EC180BFFF7BBFA08B12D
:1027F000013600276DBB3046FFF746FA02460B460E
:1028000040464946FFF7B8F9074688460022524B32
:10281000FFF794FA00284CD100224F4B384641462E
:10282000FFF7C8FA002844D116F0010F41D0013655
:102830003FE0062548E70022474BDDE90801FFF7A6
:102840007DFA0028D6D117B117F0010FD2D0013789
:10285000D0E71F2C17D8013D404BA3FB0723DB0813
:10286000194603EB8303A7EB4303621C303304F1E7
:1028700050000DEB000404F8203C092F02D90F464C
:102880001446E6E714461F2C0AD86B1E45B104F126
:1028900050026A44302102F8201C1D460134F2E740
:1028A0001F2C06D804F150036B442E2203F8202C71
:1028B00001341F2C17D82A4A82FB0632F317C3EBC8
:1028C000A2031A4603EB8303A6EB4303611C3033D8
:1028D00004F150000DEB000404F8203C16460AB148
:1028E0000C46E6E70C46249B03F00303012B39D08A
:1028F0001F2C09D80B9B002B51D004F150036B44C3
:102900002D2203F8202C0134249B0393239B029354
:1029100001940CAB00935B4652460A990798FFF767
:10292000F4FA15B0BDEC028BBDE8F08FAFF3008078
:102930000000000065CDCD410000000065CDCDC197
:10294000FFFFEF7F183801101C3801100C38011000
:1029500014380110F84001100000E03FCDCCCCCC81
:1029600067666666239BB3B10B9B1BB9249B13F070
:102970000C0F12D0239B013B2393194606E004F170
:1029800050036B44302203F8202C01348C42AFD228
:102990001F2CF4D9ACE72399F8E72399F6E7249B99
:1029A00013F0040F07D004F150036B442B2203F8FB
:1029B000202C0134A8E7249B13F0080FA4D004F1C5
:1029C00050036B44202203F8202C01349CE700BF05
:1029D0002DE9F04F8FB0804617460D9389460029A8
:1029E00000F04F83002508E06C1C3B462A46494610
:1029F000C0470D9B01330D9325460D9B1878002889
:102A000000F042832528EFD101330D9300261FE00B
:102A100046F0010601320D92012318E046F002064D
:102A200001320D92012312E046F0040601320D92AC
:102A300001230CE046F0080601320D92012306E066
:102A400046F0100601320D92012300E000234BB343
:102A50000D9A1378203B102BF8D801A151F823F0E0
:102A6000352A00104D2A00104D2A0010412A00106E
:102A70004D2A00104D2A00104D2A00104D2A00103A
:102A80004D2A00104D2A00104D2A0010292A00104E
:102A90004D2A00101D2A00104D2A00104D2A00104A
:102AA000112A00100A930D9B1A78A2F13003DBB2B1
:102AB000092B18D92A2A1BD00A9B0B930D9B1A7835
:102AC0002E2A25D00D9A1378683B122B5CD8DFE8AC
:102AD00003F0495BAC5B3B5B5B5B5B5B5B5B575BEE
:102AE0005B5B5B5BB1000DA8FFF7FCF90B90E5E7C2
:102AF000189B1A1D18921B68002B04DB0B930D9B6F
:102B000001330D93DAE746F002065B420B93F6E7DA
:102B100046F480665A1C0D925A78A2F13003DBB25B
:102B2000092B0CD92A2ACDD1189B1A1D18921C6882
:102B300024EAE4730A930D9B01330D93C2E70DA8B9
:102B4000FFF7D0F90A90BDE746F48071531C0D934E
:102B500053786C2B01D00E4616E046F440760232D4
:102B60000D9211E046F08001531C0D935378682BB1
:102B700001D00E4608E046F0C00602320D9203E096
:102B800046F4807601320D920D9B1878672856D84E
:102B90002528C0F06C82A0F12503422B00F2678249
:102BA000DFE813F05A0265026502650265026502FC
:102BB00065026502650265026502650265026502DD
:102BC00065026502650265026502650265026502CD
:102BD00065026502650265026502650265026502BD
:102BE0006502650288016801880165026502650267
:102BF000650265026502650265026502650265029D
:102C00006502650265026502650271006502650282
:102C10006502650265026502650265026502710072
:102C2000AF01710088016801880146F40076013225
:102C30000D92A9E746F4807601320D92A4E7782838
:102C400000F215826928C0F01282A0F16902D2B2A6
:102C50000123934049F24102134214D113F0800F33
:102C600040F0DF8113F4806F00F00182189B1A1D81
:102C70001892D3F800A00A9B002B40F090814FF0EF
:102C8000FF32534674E16F283DD005D858283CD018
:102C9000622803D1022304E0782838D026F01006F9
:102CA0000A23582835D0692803D0642801D026F09B
:102CB0000C0616F4806F01D026F0010669282BD08F
:102CC000642829D016F4007F40F0968016F4807FA7
:102CD00040F0AE8016F0400F00F0BF80189A111D32
:102CE0001891127805960B9904910A990391029311
:102CF0000023019300923B462A4649464046FFF78F
:102D0000DDF9054629E00823CBE71023C9E71023A6
:102D1000C7E746F02006C6E716F4007F21D116F477
:102D2000807F42D116F0400F58D0189A111D18918B
:102D3000127882EAE271A1EBE27105960B98049099
:102D40000A9803900293D20F019200913B462A46C3
:102D500049464046FFF7B2F905460D9B01330D93F6
:102D60004BE6189A073222F0070202F10801189187
:102D7000516812680846002913DB08960B9C0794DB
:102D80000A9C0694049300230593C90F02910092B4
:102D900001903B462A4649464046FFF7D9F9054689
:102DA000DBE7524261EB4100E7E7189A111D1891E9
:102DB000126882EAE271A1EBE27105960B98049029
:102DC0000A9803900293D20F019200913B462A4643
:102DD00049464046FFF772F90546BEE716F0800FF8
:102DE00005D0189A111D1891B2F90020A1E7189A80
:102DF000111D189112689CE7189A073222F00702F9
:102E000002F10801189108960B9907910A99069109
:102E10000021049305910291D2E90023CDE900231A
:102E20003B462A4649464046FFF792F9054694E755
:102E3000189A111D189105960B9904910A990391FE
:102E4000029300230193136800933B462A464946A8
:102E50004046FFF733F905467FE716F0800F04D0B0
:102E6000189A111D189112883CE7189A111D189193
:102E7000126837E746281AD0189B073323F0070358
:102E800003F10802189204960B9A03920A9A02928E
:102E9000D3E90023CDE900233B462A464946404674
:102EA000FFF7CAFB05460D9B01330D93A5E546F0E0
:102EB0002006E1E7672801D0472801D146F40066E3
:102EC000452801D0472801D146F02006189B07333A
:102ED00023F0070303F10802189204960B9A039259
:102EE0000A9A0292D3E90023CDE900233B462A4601
:102EF00049464046FFF790F905460D9B01330D9377
:102F00007BE516F002061CD001241898031D1893C7
:102F100005F1010A3B462A4649460078C047AEB94A
:102F20000D9B01330D93554667E5551C3B464946BD
:102F30002020C04723462A465C1C9A45F5D81546F2
:102F4000E3E70123DDF82CA02A46F5E75246DDF839
:102F50002CA006E0561C3B4649462020C0472C4684
:102F60003246651CA245F5D89246D9E701330A4698
:102F7000197811B1511E002AF8D1A3EB0A0316F4F7
:102F8000806B03D00A9A934228BF134616F00204BE
:102F900007D00C940A9E2A465D469B4623E00A9A77
:102FA0006FE6CDF830B02A4625460B9C07E002F1CB
:102FB000010B3B4649462020C04733465A465E1C1B
:102FC0009C42F4D8DDF830B02C4633460C940A9E6F
:102FD0005D469B4607E01E460AF1010A541C3B462B
:102FE0004946C04722469AF8000020B1002DF3D090
:102FF000731E002EEFD10C9C15465B461CB90D9B31
:1030000001330D93F9E40B9E06E0551C3B464946FF
:103010002020C04723462A465C1C9E42F5D8154610
:10302000EDE746F02106189B1A1D18921B680596BD
:10303000082204920A9A039210220292002201921C
:1030400000933B462A4649464046FFF737F8054677
:103050000D9B01330D93D0E46C1C3B462A46494638
:103060002520C0470D9B01330D932546C5E46C1CFC
:103070003B462A464946C0470D9B01330D932546E2
:10308000BBE4DFF82080ADE4BD4208D37A1E3B46A6
:1030900049460020C04728460FB0BDE8F08F2A46B9
:1030A000F5E700BFD51E00100CB410B584B00A4679
:1030B00006AC54F8043B0394009401460348FFF720
:1030C00087FC04B0BDE8104002B07047CD1E001070
:1030D00000B583B0009313460A4601460248FFF745
:1030E00077FC03B05DF804FBCD1E001000B585B081
:1030F00002900391009313464FF0FF3202A9034858
:10310000FFF766FC05B05DF804FB00BFD71E00109A
:1031100000BEFDE70346094A126842B1074A10683B
:103120000344074A934206D8044A13607047034A8F
:1031300004491160F2E74FF0FF307047446100200E
:10314000000008201C63002008B5FFF7E1FF000025
:1031500000B583B08C4619465AB11446064B01940B
:10316000009363460246054800F03EF90120FFF750
:10317000CFFF034B1C46F2E724380110343801100E
:103180003038011010B5EFF30583DBB203B100BE98
:10319000FEF7C0FB044C02E054F8043B9847034B95
:1031A0009C42F9D310BD00BFD0330110D8330110B9
:1031B00008B5034608461B681146984708BD00003D
:1031C000F8B507460D461646437D13B10024204648
:1031D0000CE003681146284698472EE03B7D10E03E
:1031E0003B68022115489847601C0134B44214DA48
:1031F000002CF3DD2B1913F8013C0D2B14BF002319
:1032000001232A5D0A2AF0D1002BEED1A042E7DA91
:103210003B68211A28449847E2E7B04203DA3B684A
:10322000311A28449847002E07DD354415F8013C33
:103230000D2B14BF002301233B75F8BD484101103D
:1032400038B50368BBB105460B4B1C6806E0294640
:1032500051F8042B2046FFF7B3FF24694CB12368D3
:10326000002BFAD0054B1B68002BF0D0A342F4D101
:10327000EDE700232B6038BDE8600020F0600020FF
:1032800038B505460C460B68802B05D023685A1CC0
:1032900022601C44257138BD0846FFF7D1FFF5E7D1
:1032A00008B5FEF7B3F8074A821841F10003002B76
:1032B00003DB054810F05CF808BD4FF0FF326FF0FB
:1032C0000043F6E740420F00BC13002008B5024857
:1032D00010F03EF808BD00BFBC1300202DE9F043FC
:1032E00083B006460D4690461C46FFF7D9FF81463F
:1032F000B5F1FF3F04D044B1174F184B1C6807E0ED
:1033000030460FF075FE0546F5E7154FF5E72469E1
:10331000BCB12368002BFAD0124B1B680BB1A3423F
:10332000F5D12A4631462046B847B8F1000FEED015
:103330000A238DF8073001220DF107012046B84716
:10334000E5E7B9F1000F03D1284603B0BDE8F083EB
:10335000FFF7BCFFF8E700BFC1310010E8600020B4
:10336000B1310010F060002010B5054B1C6800E082
:10337000246924B16368002BFAD09847F8E710BDA0
:10338000E86000200020704738B505460FF030FE99
:10339000044601231A4601462846FFF79FFFFFF720
:1033A000E3FF204638BD0000F0B5A3B004460E464A
:1033B000FFF776FF05460023019301AF334622460F
:1033C00039460848FFF792FE04463846FFF738FFB3
:1033D000FFF7CAFF15B9204623B0F0BDFFF776FF0F
:1033E000F9E700BF813200100FB400B583B004A923
:1033F00051F8040B0191FFF7D7FF03B05DF804EB20
:1034000004B070470022026042608260C2604FF4E4
:10341000803202604FF4F83242604FF480228260C2
:103420004FF4402282607047D0F8683123B111F028
:10343000010F06D00020704711F0040F03D00020C8
:103440007047012070470120704708B5C979FFF720
:10345000EBFF08BD70B504460D461646FFF7F5FFB5
:10346000D0B195F90530002B01DBB34217D104F13F
:103470002F4000F56000000D0A4B53F820102A7908
:1034800001239340013B03FA06F20A4201D10020D6
:1034900070BD6FF00800FBE76FF00A00F8E76FF00F
:1034A0000A00F5E7B45C0020F8B506460D4617465D
:1034B000FFF7D0FF28BB034608E00CEB070403EB43
:1034C000070C0CF1120C46F82C4001332A799A4271
:1034D00007D92A6832F813C0BCF5005FEDD3644603
:1034E000EDE701239340013B06F12F4606F5600608
:1034F000360D044951F82620BB401A4341F82620D6
:103500003846F8BDB45C002010B50A79202A19D8D5
:1035100000F12F4000F56000000D154B53F82040DE
:1035200001239340013B91F90510002910DB084667
:10353000C2F12002914218DC8B40234201D04FF0AF
:10354000FF3010BD0B4B0C4A43210C48FFF700FE27
:10355000C2F12000002805DB03FA00F22242F0D07D
:103560000138F7E76FF00800EBE74FF0FF30E8E7CE
:10357000B45C0020643801104C41011090380110F7
:10358000F8B505460E46FDF7D5F9074631462846FB
:10359000FFF7BAFF041E04DA3846FDF7DDF92046CE
:1035A000F8BD224631462846FFF77EFF0446F3E782
:1035B000F0B59DF81470D0F86841121B1F2A43D84B
:1035C00001EB410400EBC404D4F8DC60D4F8CC5027
:1035D00001EB4104E400C834044404F540544FF4C2
:1035E000003CC4F804C017B14FF01F0E15E04FF0B7
:1035F000000E12E0540144F0A05401EB410C00EB2A
:10360000CC0CCCF8DC404EF4604444F08004CCF8A0
:10361000D840053B053202F01F02052BEAD85201C3
:1036200042EA836301EB410200EBC202C2F8DC30E4
:103630004EF4604343F08003C2F8D830C2F8DC6037
:10364000C2F8CC500020F0BD6FF00400FBE770B56D
:1036500084B005460C46164602680121A14022EAC4
:1036600001020260ABB31A46196804EB440300EB95
:10367000C303C3F8C8109168C3F8D0105168C3F8E9
:10368000CC10D268C3F8DC2004EB4403DB00D03359
:103690002B4403F580534FF000421A601A604FF03C
:1036A0000133A340AB60221D012303FA02F205F5AA
:1036B00000510A6004F1080293400B6006F01F06F7
:1036C00004EB440405EBC405C5F8D860002004B041
:1036D00070BD6846FFF796FE04EB440305EBC30399
:1036E000009AC3F8C820029AC3F8D020019AC3F800
:1036F000CC20039AC3F8DC20C6E70000014B186811
:103700007047C04664410110F0B5454657464E46E5
:10371000DE46E0B589B0129D0400894690461F0040
:10372000002D68D050239A46AA44504601F04EF826
:10373000002860D0002C5ED0236864269B46002BB6
:1037400007D0300009B0F0BCBB46B246A946A0463F
:10375000F0BD484607F0BCFA00284ED04346002B87
:1037600049D0002F47D05B46079307AB05935B46D4
:10377000049303932B006A46583343CB43C253460A
:10378000390048462A6D5B6807F046FB00284DD19A
:10379000C82101202A6EEB6D9847206000284CD08C
:1037A000484607F0CBFA2B0064332668079A00934B
:1037B00041462B0001F086F9C4222368B050985886
:1037C00000282BD07033190001F07EFA061E16D1A6
:1037D00048232468EA5C7033E254290070222000F8
:1037E0000FF090FB4B461A68C023E250296E0798F1
:1037F0006B6D9847A5E70B26A3E7C826A1E72368CA
:10380000002B11D0C4269A59002A07D0484607F049
:1038100095FA2368995901F067FA23681800296E10
:103820006A6D9047002323600126DFE70300022230
:10383000673B934303D00A28F6D10A26D6E76726CA
:10384000D4E7C04670B51A4D8AB05022194902AC6F
:10385000060028000FF056FB200000F0ADFF2B0003
:10386000503307CC07C306CC06C36C46200001F0DA
:103870004DF82B00643306CC06C36A462724002388
:1038800012191000137007F063FA00280CD16B4670
:103890001B191A786C232900EA54300070220FF0AB
:1038A00031FB30000AB070BD00F0BCFF0022F1E730
:1038B000285A002068410110F8B504000D001600D8
:1038C000002819D00368002B16D0C427DA59002A23
:1038D00012D0C022985806F0CDFD00280CD02368E5
:1038E000D859002808D0002D09D03200290001F055
:1038F00081F8431E984101E096204000F8BD0B205E
:10390000FCE7C04670B5041E12D00368002B0FD030
:10391000C4255A59002A0BD0C022985806F0AAFD97
:10392000002805D023685859431E9841C0B200E0D2
:10393000002070BD002808D00368002B05D0C422E9
:103940009858431E9841C0B270470020FCE7C0461B
:1039500030B5030085B00800002B3DD01A780A2A44
:103960003CD81F4992008A5897465A6B016A9200C8
:1039700052580020511E8A4139215A5405B030BD99
:103980005A6B0168F3E75A6B8169F0E75A6B8168FB
:10399000EDE75A6B0169EAE75C6825002300220025
:1039A0002100433502954234013541334032103114
:1039B0000195009409F098FAE0E75C68250023007F
:1039C0002200210023352234213320321031019589
:1039D000009409F0E5FCD1E70B20CFE70120CDE70B
:1039E000B8410110F0B5C64600B5040098B00028F3
:1039F00000D19CE003780A2B00D95AE1AE4A9B0023
:103A0000D3589F46436B0A6A9B009B58002B08D0F3
:103A1000210082681031406807F0A6FB051E00D027
:103A20009DE0002584E0436B0A689B009B58002BB7
:103A3000F7D08168002340680AAA07F08FFD051EB1
:103A4000EFD09223FF33984216D10022593BFF3B1F
:103A5000E2546DE0436B8A699B009B58002BE0D0D9
:103A6000010082681031406806F07AFC051ED8D04B
:103A7000F623FF3398425BD000F0D4FE58E02023B9
:103A80004068C35C002B00D071E02223C35C002B94
:103A900000D09DE02123C35C002BC2D010300AAAC5
:103AA00004A909F093FB051EE6D160680AA909F094
:103AB00053FD051E00D1E5E008200121285609F03C
:103AC000E3FC0600032800D0CEE02800182258307E
:103AD00004A90FF017FA2E72002529E0422340684E
:103AE000C35C002B5CD1C369002B03D04023C35CB3
:103AF000002B22D14423C35C002B00D082E043235F
:103B0000C35C002B8DD0C26A0AA9103009F0A0F85E
:103B1000051EB1D10E9A0F9B606809F069FD00285F
:103B200000D17EE7232301220025C25400E00B25AB
:103B3000280018B080BCB846F0BD816A103009F08A
:103B40001BF9051E00D097E76068816A09F004FD43
:103B5000002802D022230122C2546068CAE7574BD2
:103B6000984200D088E739230022E254E0E709F0C8
:103B7000C7FC061E606800D187E731007060F269FB
:103B80001030283109F04CFA051E00D08AE03000D0
:103B90001022F16909300FF0B5F93572606874E7E9
:103BA000103004AA0AA908F0CFFF051E00D063E771
:103BB0000E9A0F9B606809F009FD002806D02023AB
:103BC0000122C2546B461A7C2123C25460688AE7E2
:103BD000103004AA0AA909F0ABFA051E00D04BE781
:103BE000606804A909F0B8FC051E06D01822403010
:103BF0000AA90FF087F902232B72222300226068A2
:103C0000C25447E702000AA93032103009F06AF8BE
:103C1000051E00D030E70E9A0F9B606809F0FAFC91
:103C2000061E3DD0012383846068836B002B00D186
:103C300065E725230025984601276B00416B5B193A
:103C4000DB00C91809F088FC002807D043466068EB
:103C5000F754836B0135AB42EFD850E7606801350C
:103C6000836BAB42E9D84AE76468102206A968462C
:103C70000FF048F903212000049A059B09F03EFD4E
:103C8000002555E76468102206A968460FF03AF946
:103C900002212000049A059B09F030FD002547E72A
:103CA00060682CE73100606809F03CFC00F0BAFD68
:103CB0003EE701253CE7C046E441011059020000FF
:103CC000F0B5C646030000B500282BD0002929D046
:103CD00002004420844601380024804624273832DC
:103CE00009E0092D18D0507800281CD10134403348
:103CF0004032A14217D01078002814D01D78082D2A
:103D0000EFD15E68356C2D020DD16046305C002825
:103D100009D14046305CE7E75D682E6A002E02D18B
:103D2000E85DE1E7002080BCB846F0BDF0B5C646CE
:103D300000B5040084B0002800D19CE04378002B3B
:103D40000FD10378082B68D0092B1AD03922825C56
:103D5000002A08D00A2B00D95DE1B0499A008A58A0
:103D60009746012B05D00024200004B080BCB84643
:103D7000F0BD03780A2B00D94DE1A9499A008A5871
:103D8000974624234068026AC35C002A00D0CEE034
:103D9000002BE8D003E0486809F0C4FB606809F034
:103DA00005FC011EF7D124236068C154C2E0A0685D
:103DB000A16A266B062B00D1DAE0072B00D125E1A2
:103DC0002500B0471035A26A6068290007F016FA8E
:103DD0000400002CC8D000F025FDC5E72100A06834
:103DE000236B10319847BEE7A068236B9847BAE76A
:103DF000606807F0DBFE8B4B04009842E9D1B2E724
:103E00003923E35CE16A226B002B00D1ADE0A068AE
:103E10009047A8E7236B9847A5E74068036C1B020F
:103E200007D14433C35C002B03D14333C35C002B65
:103E300099D04223C35C002B20D020230027984632
:103E4000212609F0F9FB051E17D04346EF5463689D
:103E500028009B69E26AA95D9847AB5D002B00D101
:103E600090E0280009F030FB002800D08AE0012310
:103E70002B726068E5E70B2476E760684023C35C3B
:103E8000002B13D0C568002D2BD022260027AB5D58
:103E9000002B08D0C369AF55002B04D0816AE26AB9
:103EA0002800984760682D68002DF0D14423C35C3A
:103EB000002B16D0C568002D13D0252324260027FB
:103EC0009846AB5D002B09D0436AAF55002B05D057
:103ED00041462800E26A695C984760682D68002DB9
:103EE000EFD14323C35C002B00D13CE723270026FE
:103EF0000BE063682800D96AE26A1B6AEE559847AE
:103F00006068290009F00EFB606809F0A5FB051E3A
:103F1000EFD128E73922825C036B002A2FD10020E1
:103F2000984720E7406884E724234068C35C002B5F
:103F300000D034E72023C35C002B34D03A4E00215C
:103F400009F024FB051E2BD063682800E16A9B69F9
:103F50009847B0421CD00021280009F08DFB606812
:103F6000290009F0DFFA6068E9E700209047FAE6E7
:103F7000250010350A002900B04724E7236BA0680C
:103F80009847F0E66068290009F0CCFA606858E7C5
:103F90000121280009F070FB01232B726068CEE735
:103FA00020236068C5542123C35C002B00D1DAE6CE
:103FB000C568002D26D02526022702E02D68002D99
:103FC00020D00823EB56032BF8D1C369E16A2800FF
:103FD0009847A855002804D0280009F06DFB6068B8
:103FE000ECE76368290098461022603168460EF0BD
:103FF00089FF01214046AA6DEB6D09F07FFB2F720E
:104000006068DBE721230022C254ACE62500E26AA7
:10401000B0471035D7E60124A6E6C046104201108D
:104020003C4201102103000034080000F0B50400F8
:104030000F0016001D00B3B000284BD0002949D056
:10404000180000F0C3FB002844D0002E42D090227C
:1040500023490EA80EF056FF90220EA920000EF064
:1040600051FF68466760E66007F0E4FE20003422F6
:10407000694618300EF046FF00231A4A2969226764
:10408000636765612B68B0019847A060002824D061
:10409000002500E0A068AB013100C018013500F038
:1040A00043FAAE42F6D120004C3000F031FA8022C3
:1040B0000D4BA35000230432A350A268002A07D05E
:1040C0006269002A04D0E268002A01D08822A35441
:1040D000002000E00B2033B0F0BD0A20FBE7C04613
:1040E0009842011000CA9A3BC13C0010F0B5C64688
:1040F00000B5040006A800788046002C28D00029CE
:1041000026D0002A24D0002B22D02669E568012081
:10411000AE4202D380BCB846F0BDB501AC46A5683E
:10412000002765442B63434628872F706960AA6087
:104130006B70EF622500013618352800266107F004
:1041400083FE002806D1E36C00200133E364E1E73D
:104150000B20DFE7280007F081FE0028F3D0D9E725
:1041600070B5041E1ED000291CD00369C26801204E
:10417000934200D370BDA2689D0152195160022183
:10418000250011800021013318351087D1622800E5
:10419000236107F059FE002806D1236D002001336A
:1041A0002365E7E70B20E5E7280007F057FE002826
:1041B000F3D0DFE7F0B5CE46474680B5040099B0AE
:1041C00000283BD006001836300007F03DFE0025E1
:1041D000002805D0280019B0C0BCB946B046F0BDD3
:1041E000300007F03BFE002825D104AF3D000AA8AF
:1041F00007F020FE34220AA930000EF083FE236D62
:1042000060699C46636EE16C98468CC88CC588C812
:1042100088C5606863460390A06E42460290A06D18
:104220000190606D0090300008F046F9051ED1D075
:1042300000F0F8FACEE700F0F5FAD6E70B25C9E76B
:10424000F0B54E464546DE465746E0B5040090467A
:10425000994683B0002800D18EE0406806F00AF944
:10426000002839D0260020001836FFF7A3FF3000C1
:1042700007F0D6FE071E00D07BE0E3680025002B88
:104280001ED038239A46A04B9B46A368AA019B18D0
:1042900052469A5C002A13D01A780A2A1CD859462A
:1042A00092008A5897461A0030005968343208F054
:1042B0002BFA0190002823D1E3680135AB42E4D802
:1042C0004B464246300008F04FFA8823E35C002B4F
:1042D00000D1B6E0012B51D000F0A4FA012738003C
:1042E00003B0F0BCBB46B246A946A046F0BD1A00DA
:1042F00030005968343208F0D7F901900028DBD03B
:1043000000F090FA019FEAE71A0030005968343251
:1043100007F056FE01900028CED0F1E71A003000D9
:104320005968343208F08AF901900028C4D0E7E7D0
:104330001A0030005968343208F050F90190002812
:10434000BAD0DDE71A00596830003432103108F075
:10435000C9FF01900028AFD0D2E71A005968300099
:1043600000233432103108F04DFD01900028A3D015
:10437000C6E700F057FAB2E70B27B0E70022A368C0
:10438000E1689C460025904600291CD038329146B1
:104390009222FF3292460EE03100FFF7D9FA051E55
:1043A00001D050454BD101239C46E168E044A3680D
:1043B000884500D39EE09C46434698014B466044A6
:1043C000C35C002BE8D18423E258043B6046E358E9
:1043D0009847002833D00022E3689046002B2ED067
:1043E000382399469223FF339A460CE03100FFF7B9
:1043F000F9FA051E01D0504521D101239C46E368FE
:10440000E04498457AD243464A469801A368181872
:10441000825C002AEAD138220026904609E0FFF7A4
:1044200085FC051E0BD1E36801369E4200D356E79A
:10443000A368B00118184346C35C002BEFD12F00CE
:104440004DE70022A368E1689C46002590460029BC
:104450001BD0383291469222FF3292460DE0310055
:10446000FFF776FA051E01D05045E8D101239C469E
:10447000E168E044A36888453ED29C4643469801E3
:104480004B466044C35C002BE9D18423E258043BD3
:104490006046E35898470028D1D00022E368904650
:1044A000002BCCD038239A469223FF339B4616E04C
:1044B0003100FFF797FA002804D0584502D0134B7B
:1044C00098421FD1A0684844FFF730FC051EB6D1C2
:1044D00001239C46E368E044984500D3FFE6434649
:1044E0009B0199465346A0684844C35C002BDFD12A
:1044F0002F00F4E69C4666E79C46C6E7002B9ED05C
:10450000A36888E70700EAE6684201105902000044
:1045100010B5002805D0202200210EF011F800204F
:1045200010BD0B20FCE7C04600280BD00B230380F6
:1045300000234163436083608362C3620363038734
:10454000002070470B20FCE7F0B5C64600B506001A
:104550000F0090461C0086B0002835D0002B33D0C9
:1045600006F04CF923006A4605900C3303CB03C2D6
:1045700005A821686268A36806F042F9051E1CD1EF
:1045800002AD280005F06EFF3300380006CD06C3EB
:104590003300414605AA05F0E7FF051E16D131009C
:1045A00022000320B4600C3107F05AF8051E0DD12B
:1045B00005A806F079F9002801D000F033F92800A9
:1045C00006B080BCB846F0BD0B25F8E700F02AF92C
:1045D00005A806F069F90028F1D0EEE7F0B54746E6
:1045E000CE4680B504000E00170098469FB0002804
:1045F00027D0002925D0002A23D0002B21D002ADBE
:10460000280006F0F1F923002A0003CA03C31000B2
:10461000914606F0C3FB280006F0E6F9230006CD1C
:1046200006C34B46200000933A004346310006F093
:10463000E3F9041E07D120001FB0C0BCB946B04644
:10464000F0BD0B24F7E700F0EDF800F0EBF8F2E72F
:10465000F0B5C64600B504000D0016001F009EB060
:10466000002824D0002922D0002A20D0002B1ED0E0
:10467000FFF744F802AB984620601800FFF7E2F815
:1046800050220C4940460EF03DFC4346200000936A
:1046900032003B002900FFF737F8041E04D1200048
:1046A0001EB080BCB846F0BD00F0BCF8F7E70B24A4
:1046B000F5E7C04628430110F0B5C64600B5040032
:1046C0000D0016001F00A0B0002824D0002922D021
:1046D000002A20D0002B1ED006F066FE02AB9846C2
:1046E0002060180006F012FF50220C4940460EF0E0
:1046F00009FC43462000009332003B00290006F0ED
:1047000059FE041E04D1200020B080BCB846F0BD84
:1047100000F088F8F7E70B24F5E7C046784301106E
:10472000F0B5CE46474680B506000D009046994646
:104730008BB0002824D0002922D007F073F9012380
:1047400003AF306038000893AC6829008CCC8CC073
:104750000CCC0CC0129B2A000293434600934B469C
:1047600030000C31019307F063F9041E05D12000DD
:104770000BB0C0BCB946B046F0BD00F053F8F6E748
:104780000B24F4E710B5FDF73FFB10BD10B5FDF7A6
:1047900047FB10BD10B5FDF74DFB10BD10B5FDF783
:1047A00029FB10BD020030B5024B32CB32C212CB16
:1047B00012C230BDC8430110020030B5024B32CBEB
:1047C00032C212CB12C230BD040C002000280DD022
:1047D0000368002B0AD04368002B07D0C368002B66
:1047E00004D08068431E9841C0B200E000207047AA
:1047F000084B1B78002B09D0074B1A78002A02D0EF
:10480000064B1878704701321A70F9E7044B187894
:10481000F8E7C046176300201863002030610020CD
:10482000D83801100021084B0020198000210022F7
:104830009860D960054B06491A700978054B1970C4
:10484000054B1A707047C046105B002018630020AB
:1048500030380110306100201763002070B504006B
:1048600084B000281BD069460120FCF707F8002817
:104870001BDB01990220009E00290EDB029D002D0A
:104880000FDB00230A4A30000EF06EFD2A00EB1702
:104890008018594120606160002004B070BD0B2079
:1048A000FBE733000B43F8D0EBE70220F5E7C04607
:1048B00000CA9A3B70B5040084B000281BD069463A
:1048C0000020FBF7DBFF00281BDB01990220009E84
:1048D00000290EDB029D002D0FDB00230A4A300069
:1048E0000EF042FD2A00EB178018594120606160EC
:1048F000002004B070BD0B20FBE733000B43F8D061
:10490000EBE70220F5E7C04600CA9A3B00230360AC
:104910000371704710B5002A12D0002B10D0029CF2
:10492000002C0DD0039C002C0AD0064C20700020D7
:10493000E360029B61602361039BA260636110BD21
:104940000B20FCE7C461002070B5244B244C1A7B7B
:1049500005000E00A544002A02D01C68002C1DD1C1
:10496000802268461F4B92001978815459688C3216
:104970008150D86819695A699B689B909C919D9257
:1049800000216A4600209A9300F020FA002815D0F2
:10499000A4239B009D4470BD00281CD1A8239B002C
:1049A0009C46A06832002900604402F019F964684E
:1049B000002CF1D101235840C0B2E9E732002900B0
:1049C0009EA802F05BF90400684602F0DFF80123BC
:1049D0005C40E0B2DCE70020DAE7C046F06100208E
:1049E00070FDFFFFC461002010B5C96F02F086FFA3
:1049F00010BDC046F0B504000D008FB0002855D0A2
:104A0000002953D0006800F0B5FD00284ED066683C
:104A1000002E4BD0B469280023699847F26903003F
:104A20000590002A02D005A89047059B8027F259DF
:104A30001069A8229200944600937269B16F604495
:104A400006AB04F027FA00281ED0A368280006A9A8
:104A50009847336A05000400002B01D006A8984748
:104A600080237A22F358B25C1869012A21D0A82346
:104A70009B009C46F16F604402F040FF2840C4B2A6
:104A800001235C40E0B212E0F3591869A8239B00AF
:104A90009C460B4B02960193059B60440093726900
:104AA000B16F06AB04F026FA0028CED101200FB07A
:104AB000F0BDA8239B009C46604402F0EFFADFE7BC
:104AC000E9490010F0B545464E46DE465746E0B58A
:104AD0008846050091461C0089B0002800D1DAE024
:104AE000002900D1D7E0006800F044FD002800D183
:104AF000D1E04B46002B00D1CDE01B78002B00D13C
:104B0000C9E0002C00D1C6E06A486F6809F02CFBB0
:104B1000002800D1BFE085682E008436756009F05A
:104B2000D5FB8423E85018339A46AA445346484696
:104B3000B3600EF05DFA01303C2800D9A3E04B468B
:104B40003C215D4A5046FEF7AFFA8023EF50FA232E
:104B500028009B005022EB67210028300EF0D2F98C
:104B6000237A3A69022B00D19EE0DE239B00D358C2
:104B7000AB67002340465149EB612B6200F00AFD10
:104B8000002800D17FE04268AA61002A7BD0230080
:104B90004946380009F0F0FD6862002878D03A698B
:104BA000474BD05A411CD152032101F0F5FFE122BD
:104BB0003B699200995880239946EB5828611869FF
:104BC000A8239B009C460623904600934A789B4668
:104BD0000B7812021A438B78C9781B041343090619
:104BE00019432A697B69604401F0B4FDE32341461F
:104BF000020038699B00C358415800F035FC00287A
:104C000041D03A692F4BD05A411CD152052101F0B5
:104C1000C3FFA8214A4689008C46AB5841461B6910
:104C200068611A003B696244595806A88946696A56
:104C300005928A46210000F039FC5946069A0391F4
:104C4000019202A98A8A514601AB9A800B694946B2
:104C500000934A780B7812021A438B78C9781B04A8
:104C60001343090619436A692B69059801F0DEFDB3
:104C7000E3234146020038699B00C358415800F0C5
:104C8000F3FB002808D1686A002801D000F0D4FAAC
:104C9000300000F069FA0026300009B0F0BCBB46D5
:104CA000B246A946A046F0BDDF239B00D358AB67B0
:104CB0005FE7C046B461002010390110DC380110F4
:104CC000981500009A150000030010B50800002B8D
:104CD00008D0002906D05968502228310EF012F968
:104CE000002010BD0B20FCE7F0B5D6464F464646E7
:104CF00004000D00C0B5002804D0006800F03AFCA4
:104D0000002806D101242000E0BCBA46B146A846DE
:104D1000F0BD6368002BF5D0002DF3D0286800F0BB
:104D200029FC0028EED06C68002CEBD08027E359DA
:104D3000606A984609F080FDE359E2261869A823C5
:104D40009B009C46B600815960444A780B78120259
:104D50001A438B78C9781B04134309066269194307
:104D600001F044FCE35982461869A8239B009C4645
:104D7000815960444A780B7812021A438B78C978BB
:104D80001B04134309062269194301F02FFC434613
:104D900004001869E4239B00994652468159C35880
:104DA00000F062FB4346070018694B462200C358D7
:104DB000815900F059FB3840040001235C40280071
:104DC000E4B2640000F0D0F99DE7C046030010B5DE
:104DD0001000002B01D010331800002906D04969BB
:104DE00001F090FE01235840C0B210BD014B59683C
:104DF000F6E7C046C4610020F0B5C64605001700BE
:104E000000B5002A18D0037B002B15D10360436046
:104E10000223FF3383810023C8220C00002698461A
:104E200082602100280009F0B3F943460136A460EE
:104E30002373C834B742F4D180BCB846F0BDC04635
:104E4000F0B5C6460500170000B5002A18D0037B50
:104E5000002B15D1036043600223FF3383810023BD
:104E6000C8220C000026984682602100280009F024
:104E70008FF943460136A4602373C834B742F4D196
:104E800080BCB846F0BDC046F0B5C6460500170068
:104E900000B5002A18D0037B002B15D103604360B6
:104EA0000223FF3383810023D8220C00002698467A
:104EB00082602100280009F06BF943460136A460A6
:104EC0002373D834B742F4D180BCB846F0BDC04695
:104ED000F0B5C6460500170000B5002A18D0037BC0
:104EE000002B15D1036043600223FF33838100232D
:104EF000D8220C000026984682602100280009F084
:104F000047F943460136A4602373D834B742F4D13D
:104F100080BCB846F0BDC046F0B5C64605001700D7
:104F200000B5002A18D0037B002B15D10360436025
:104F30000223FF3383810023A4220C00002698461D
:104F400082602100280009F023F943460136A4605D
:104F50002373A434B742F4D180BCB846F0BDC04638
:104F6000F0B5C6460500170000B5002A1AD0037B2D
:104F7000002B17D1036043600223FF33838100239A
:104F80000C0000269846094A82602100280009F09A
:104F9000FFF843462373054B01369C46A4606444E6
:104FA000B742F2D180BCB846F0BDC046A81500009B
:104FB000F0B5C6460500170000B5002A18D0037BDF
:104FC000002B15D1036043600223FF33838100234C
:104FD0001C220C000026984682602100280009F05F
:104FE000D7F843460136A46023731C34B742F4D18A
:104FF00080BCB846F0BDC046F0B5C64605001700F7
:1050000000B5002A1CD0037B002B19D1036043603C
:105010000223FF338381002384220C00002698465C
:10502000120182602100280009F0B2F84346237380
:1050300084231B019C460136A4606444B742F1D12D
:1050400080BCB846F0BDC046F0B5C64605001700A6
:1050500000B5002A18D0037B002B15D103604360F4
:105060000223FF33838100232C220C000026984664
:1050700082602100280009F08BF843460136A460C5
:1050800023732C34B742F4D180BCB846F0BDC0467F
:10509000F0B5C6460500170000B5002A18D0037BFE
:1050A000002B15D1036043600223FF33838100236B
:1050B0001C220C000026984682602100280009F07E
:1050C00067F843460136A46023731C34B742F4D119
:1050D00080BCB846F0BDC046F0B5C6460500170016
:1050E00000B5002A18D0037B002B15D10360436064
:1050F0000223FF338381002320220C0000269846E0
:1051000082602100280009F043F843460136A4607C
:1051100023732034B742F4D180BCB846F0BDC046FA
:1051200010B5034B0100180009F032F810BDC0465D
:10513000F061002070B504000068002806D0084B1C
:1051400019680DF063FD002809D12060616800290D
:1051500005D0002503480D6109F01AF8656070BD9F
:10516000044901106861002010B50400006800289F
:1051700006D0084B19680DF049FD002808D12060C1
:105180006168002904D0044809F002F80023636034
:1051900010BDC04604490110B461002010B50400E0
:1051A0000068002806D0084B19680DF02FFD002874
:1051B00008D120606168002904D0044808F0E8FFA5
:1051C0000023636010BDC046044901103C6200200A
:1051D00010B504000068002806D0084B19680DF0CF
:1051E00015FD002808D120606168002904D004481A
:1051F00008F0CEFF0023636010BDC04604490110D3
:10520000E061002010B504000068002806D0084BBB
:1052100019680DF0FBFC002808D1206061680029A6
:1052200004D0044808F0B4FF0023636010BDC046FA
:1052300004490110E05C002010B50400210003487F
:1052400008F0A6FF0023A36110BDC0464C620020F9
:1052500082B0F8B50692274A04001768944607936F
:10526000002F3FD038000021234D826840685259FA
:10527000A21A5642724189180028F6D106AA12785D
:10528000022A27D006D90020032A03D0F8BC08BC84
:1052900002B01847002B21D08B421FD80020002FCE
:1052A000F4D00126154D1449764202E07F68002FA4
:1052B000ECD0BB685A589442F8D1114A94466344E2
:1052C0000CCB9D4202DCF1D19642EFD916001D00B5
:1052D0003800EBE7002B01D08B42D7D9604608F0AD
:1052E00043FFD3E706AA1278022AF7D00021022A48
:1052F000C9D8F3E72862002014080000FFFFFF7FF1
:1053000018080000124BF0B51B680400002B1CD0DD
:10531000012700200F4E104D7F4202E05B68002BFA
:1053200012D09A6851598C42F8D10C498C4662448B
:1053300006CA964202DCF1D18F42EFD918005B68B1
:105340000F001600002BECD1F0BD0020FCE7C0469A
:1053500028620020FFFFFF7F1408000018080000EB
:10536000F0B5DE4657464E464546E0B53B4B8FB05E
:1053700004931B6899460AF07DF94B468A460590CE
:10538000002B64D00026002744E0032B53D00122D9
:105390000023069607970892099310220AA96846E7
:1053A0000A960B970C960D970DF0ACFD0698079991
:1053B000089A099B08F0FCFC002805D01E22002357
:1053C00008960997069207934B465B6806989B469A
:1053D000234B07999846A0444346089A1C685D6889
:1053E000099B08F03FFD24184D41AA450ADC2AD04C
:1053F00043465B68534505DC08D14346059A1B6864
:10540000934203D94946049808F0C2FE5B46002B3C
:105410001DD0D9464B469C6882231B01E35C042BBC
:1054200009D0052BB1D10F4B1022E15806A8483105
:105430000DF068FDB1E70B4B1022E15806A8403192
:105440000DF060FDA9E7059BA342D1D9DAE70FB0C3
:10545000F0BCBB46B246A946A046F0BD286200207B
:10546000180800001408000030B50E2587B06D4400
:105470002A801C008B78012B10D0A8239B009C460F
:105480000123009316332A00210060446B4402F08C
:105490005BFA002800D0012007B030BDA8239B0094
:1054A0009C46604401F0FAFD0120F5E730B50C7A26
:1054B0000A78023C023A63425C4153425A414B7AB9
:1054C0008D88023B59424B415B00858003704470DC
:1054D000827030BD0023F0B504000B702368080013
:1054E000150087B0002B1AD00F4E37000F49104A15
:1054F0000591646802910F49049401910396290073
:105500000097FDF7D1FD03000020002B03DB0120F5
:105510009D4202DDC0B207B0F0BD0020FAE7064BA5
:10552000014E1F00E2E7C046003901101439011096
:1055300004390110183901103038011030B5050058
:10554000140083B00800094B2100094A0095FDF7BB
:10555000ABFD03000020002B03DB01209C4202DD99
:10556000C0B203B030BD0020FAE7C046DC430110F2
:105570001C39011010B504000020002C08D008F0E0
:10558000A5FE010020000DF041FB43425841C0B28E
:1055900010BDC04610B58368984710BD10B5040013
:1055A00000680DF033FB4342584140420440200064
:1055B00010BDC04604480368002B00D07047034B61
:1055C0001B680360FAE7C046180C0020C00C0020DE
:1055D000024A034B12681A607047C046C00C002094
:1055E000180C002010B50AF0B5F810BD10B50AF07F
:1055F000B5F810BD04480368002B00D07047034B7A
:105600001B680360FAE7C046380C0020C40C002079
:1056100010B50421002000F077FF043010BDC04613
:1056200010B5002902D000F093FE10BD0020FCE769
:105630000B0010B5002805D00421180000F064FF0D
:10564000043010BD0020FCE7030010B50800002B5B
:1056500003D0196800F0F4FD10BD0020FCE7C0463F
:1056600010B5002805D00421002000F04DFF0430C3
:1056700010BD0020FCE7C046004870478C0C00209D
:1056800070B50D000121040000F0F2FE002809D0E1
:10569000A3681D70A3680133A360236901332361EC
:1056A000012363750123A07D584070BD70B50D00C6
:1056B0000121040000F0DCFE00280BD0A3681A785A
:1056C0000133511E8A412A70A3602369013323618B
:1056D000012363750123A07D584070BD70B50D0096
:1056E0000121040000F0C4FE002809D0A3681D7049
:1056F000A3680133A3602369013323610123637528
:105700000123A07D584070BD70B50D00012104003B
:1057100000F0AEFE00280AD0A3681B782B70A368A7
:105720000133A360236901332361012363750123DE
:10573000A07D584070BDC046F0B5CE46474680B506
:1057400083B06B460400D98002219D1D00F0E4FE69
:10575000637D01002000984600F028FF0221200010
:1057600000F07AFE002828D16368A668B3421ED9EB
:105770009F1BA36023692000DB1923610223DB1B2D
:105780001900994600F074FE002834D0237D012BC7
:105790003AD06B7833702B787370A3684B44A36056
:1057A00023690233DB1B23610223637516E00221A8
:1057B000200000F05DFE002810D0237DA068012BA2
:1057C00014D06B780370A3682A785A70A3680233E8
:1057D000A360236902332361022363750123A07D43
:1057E000584003B0C0BCB946B046F0BD0222290003
:1057F0000DF088FBEAE7A368DB1BA3602369DB1BD2
:10580000236143466375E9E73A00290030000DF053
:1058100079FB4A46A068E9190DF074FBBDE7C04664
:10582000F0B5D64646464F46C0B582B06B4604003A
:105830000E0002219D1D2A8000F06EFE637D010096
:105840002000984600F0B2FE0221200000F004FE85
:10585000002829D16368A768BB421FD9DA1B91468B
:10586000A360236920004B44236102239B1A190083
:105870009A4600F0FDFD002834D0012E3CD06B7814
:105880003B702B787B704A46A3685344A36023691E
:1058900002339B1A23610223637515E00221200065
:1058A00000F0E6FD00280FD0A068012E15D06B781F
:1058B0000370A3682A785A70A3680233A36023692F
:1058C00002332361022363750123A07D584002B097
:1058D000E0BCBA46B146A846F0BD022229000DF050
:1058E00011FBE9E74A46A3689B1AA36023699B1A48
:1058F000236143466375E7E74A46290038000DF007
:1059000001FB29005246A06849440DF0FBFABAE7B2
:10591000F8B5CE464746040080B50D00022100F0E0
:10592000FBFD637D01002000984600F03FFE022150
:10593000200000F091FD002828D16368A668B342DA
:105940001ED99F1BA36023692000DB19236102235A
:10595000DB1B1900994600F08BFD002833D0237D16
:10596000012B39D073782B7033786B70A3684B445C
:10597000A36023690233DB1B23610223637516E0F6
:105980000221200000F074FD002810D0237DA168C2
:10599000012B13D04B782B70A3681B786B70A36816
:1059A0000233A36023690233236102236375012359
:1059B000A07D5840C0BCB946B046F8BD02222800C0
:1059C0000DF0A0FAEBE7A368DB1BA3602369DB1BE8
:1059D000236143466375EAE73A00310028000DF081
:1059E00091FA4A46A168E8190DF08CFABEE7C04664
:1059F000F0B5D64646464F460400C0B50E0002211B
:105A0000150000F089FD637D01002000984600F03C
:105A1000CDFD0221200000F01FFD002829D1636880
:105A2000A768BB421FD9DA1B9146A36023692000F7
:105A30004B44236102239B1A19009A4600F018FD7B
:105A4000002833D0012E3BD07B782B703B786B70D5
:105A50004A46A3685344A360236902339B1A236117
:105A60000223637515E00221200000F001FD0028EB
:105A70000FD0A168012E14D04B782B70A3681B782F
:105A80006B70A3680233A36023690233236102238E
:105A900063750123A07D5840E0BCBA46B146A846D4
:105AA000F0BD022228000DF02DFAEAE74A46A3686D
:105AB0009B1AA36023699B1A236143466375E8E739
:105AC0004A46390028000DF01DFA28005246A16808
:105AD00048440DF017FABBE7F0B5C64600B582B0F2
:105AE00004000191042100F017FD637D01002000F6
:105AF000984600F05BFD0421200000F0ADFC00287A
:105B000031D16368A568AB4227D904275E1BA36027
:105B10002369BF1B9B1939002000236100F0A8FCFA
:105B2000002844D0237D012B4FD001ABDA782A70B6
:105B30009A786A70012E43D05A78AA700335022EE3
:105B400041D01B782B70A368DB19A3602369043351
:105B50009B1B2361042363751DE00421200000F0DA
:105B600087FC002817D0237DA068012B1AD001AB39
:105B7000DA7802709978A2685170A26859789170A9
:105B8000A2681B78D370A3680433A360236904332D
:105B90002361042363750123A07D584002B080BCBB
:105BA000B846F0BD042201A90DF0ACF9EBE7A368FB
:105BB0009B1BA36023699B1B236143466375EAE734
:105BC000A26859781170A568BBE701AB984632000E
:105BD000190028000DF096F943463A00A06899197B
:105BE0000DF090F9AFE7C046F0B5CE46474680B518
:105BF000040083B00D000421019200F08DFC637D50
:105C000001002000984600F0D1FC0421200000F0A3
:105C100023FC002831D16368A668B34227D99F1BB3
:105C2000A36023692000DB1923610423DB1B190017
:105C3000994600F01DFC002843D0012D4FD001AB48
:105C4000DA7832709A787270012F43D05A78B27035
:105C50000336022F41D01B783370A3684B44A360F6
:105C600023690433DB1B2361042363751CE00421D7
:105C7000200000F0FDFB002816D0A068012D1BD0ED
:105C800001ABDA7802709978A2685170A2685978ED
:105C90009170A2681B78D370A3680433A360236952
:105CA00004332361042363750123A07D584003B0AE
:105CB000C0BCB946B046F0BD042201A90DF022F9DE
:105CC000EAE7A368DB1BA3602369DB1B2361434670
:105CD0006375E9E7A26859781170A668BBE701AD62
:105CE0003A00290030000DF00DF94A46A068E91984
:105CF0000DF008F9B1E7C046F8B5CE4647460400B6
:105D000080B50D00042100F007FC637D0100200038
:105D1000984600F04BFC0421200000F09DFB002879
:105D200031D16368A668B34227D99F1BA36023695A
:105D30002000DB1923610423DB1B1900994600F0C6
:105D400097FB002842D0237D012B4ED0F3782B7097
:105D5000B3786B70012F42D07378AB700335022F8C
:105D600041D033782B70A3684B44A360236904337C
:105D7000DB1B2361042363751CE00421200000F079
:105D800077FB002816D0237DA168012B19D0CB7892
:105D90002B70A3689B786B70A3685B78AB70A3686B
:105DA0001B78EB70A3680433A36023690433236179
:105DB000042363750123A07D5840C0BCB946B0469A
:105DC000F8BD042228000DF09DF8EBE7A368DB1B6B
:105DD000A3602369DB1B236143466375EAE7A3687D
:105DE0005B78AB700335A668BBE73A00310028004A
:105DF0000DF088F84A46A168E8190DF083F8B2E77B
:105E0000F0B5D64646464F460400C0B50E00042104
:105E1000150000F081FB637D01002000984600F032
:105E2000C5FB0421200000F017FB002834D1636873
:105E3000A768BB422AD9DA1B9146A36023692000D8
:105E40004B44236104239B1A19009A4600F010FB6F
:105E5000002844D0012E52D0FB782B70BB786B7099
:105E60004B46012B45D07B78AB704B460335022B5C
:105E700043D03B782B704A46A3685344A360236900
:105E800004339B1A2361042363751BE00421200063
:105E900000F0EEFA002815D0A168012E1AD0CB78B8
:105EA0002B70A3689B786B70A3685B78AB70A3685A
:105EB0001B78EB70A3680433A36023690433236168
:105EC000042363750123A07D5840E0BCBA46B14667
:105ED000A846F0BD042228000DF014F8EAE74A466F
:105EE000A3689B1AA36023699B1A236143466375C9
:105EF000E8E7A3685B78AB700335A768B9E74A4663
:105F0000390028000CF0FEFF28005246A1684844E2
:105F10000CF0F8FFAFE7C046F0B5C64600B5040088
:105F200082B008210092019300F0F6FA637D01002F
:105F30002000984600F03AFB0821200000F08CFA7F
:105F4000002842D16368A568AB4238D908275E1B98
:105F5000A3602369BF1B9B1939002000236100F057
:105F600087FA002861D0237D012B00D177E06B46B2
:105F7000DA792A709A796A70012E5FD05A79AA70FC
:105F8000022E5ED01A79EA70032E5DD0DA782A717B
:105F9000042E5CD09A786A71052E5BD05A78AA716B
:105FA0000735062E59D01B782B70A368DB19A36028
:105FB000236908339B1B23610823637529E00821AB
:105FC000200000F055FA002823D0237DA068012B83
:105FD00026D06B46DA7902709979A26851705979A6
:105FE000A26891701979A268D170D978A2681171EC
:105FF0009978A2685171A26859789171A2681B784A
:10600000D371A3680833A36023690833236108238D
:1060100063750123A07D584002B080BCB846F0BD36
:10602000082269460CF06EFFEBE7A3689B1BA36098
:1060300023699B1B236143466375EAE7A26859798C
:106040001170A26819791170A268D9781170A268CC
:1060500099781170A26859781170A568A3E7E8468D
:106060003200414628000CF04DFF43463A00A0683C
:1060700099190CF047FF98E7F0B5CE46474680B532
:1060800083B06B460400D98002219D1D00F044FAC4
:10609000637D01002000984600F088FA022120006C
:1060A00000F0DAF9002828D16368A668B3421ED947
:1060B0009F1BA36023692000DB1923610223DB1BE4
:1060C0001900994600F0D4F9002834D0237D012B23
:1060D0003AD06B7833702B787370A3684B44A3600D
:1060E00023690233DB1B23610223637516E002215F
:1060F000200000F0BDF9002810D0237DA068012BFE
:1061000014D06B780370A3682A785A70A36802339E
:10611000A360236902332361022363750123A07DF9
:10612000584003B0C0BCB946B046F0BD02222900B9
:106130000CF0E8FEEAE7A368DB1BA3602369DB1B26
:10614000236143466375E9E73A00290030000CF00B
:10615000D9FE4A46A068E9190CF0D4FEBDE7C04656
:10616000F8B5CE464746040080B50D00022100F088
:10617000D3F9637D01002000984600F017FA022150
:10618000200000F069F9002828D16368A668B342AE
:106190001ED99F1BA36023692000DB192361022302
:1061A000DB1B1900994600F063F9002833D0237DEA
:1061B000012B39D073782B7033786B70A3684B4404
:1061C000A36023690233DB1B23610223637516E09E
:1061D0000221200000F04CF9002810D0237DA16896
:1061E000012B13D04B782B70A3681B786B70A368BE
:1061F0000233A36023690233236102236375012301
:10620000A07D5840C0BCB946B046F8BD0222280067
:106210000CF078FEEBE7A368DB1BA3602369DB1BB4
:10622000236143466375EAE73A00310028000CF029
:1062300069FE4A46A168E8190CF064FEBEE7C04654
:10624000F0B5C64600B582B004000191042100F00B
:1062500063F9637D01002000984600F0A7F904214E
:10626000200000F0F9F8002831D16368A568AB423E
:1062700027D904275E1BA3602369BF1B9B19390024
:106280002000236100F0F4F8002844D0237D012B86
:106290004FD001ABDA782A709A786A70012E43D019
:1062A0005A78AA700335022E41D01B782B70A36850
:1062B000DB19A360236904339B1B236104236375EB
:1062C0001DE00421200000F0D3F8002817D0237D22
:1062D000A068012B1AD001ABDA7802709978A26815
:1062E0005170A26859789170A2681B78D370A36826
:1062F0000433A360236904332361042363750123FA
:10630000A07D584002B080BCB846F0BD042201A96F
:106310000CF0F8FDEBE7A3689B1BA36023699B1BB4
:10632000236143466375EAE7A26859781170A5684E
:10633000BBE701AB98463200190028000CF0E2FDE3
:1063400043463A00A06899190CF0DCFDAFE7C0465F
:10635000F8B5CE464746040080B50D00042100F094
:10636000DBF8637D01002000984600F01FF904214E
:10637000200000F071F8002831D16368A668B342AC
:1063800027D99F1BA36023692000DB192361042305
:10639000DB1B1900994600F06BF8002842D0237DE2
:1063A000012B4ED0F3782B70B3786B70012F42D055
:1063B0007378AB700335022F41D033782B70A3680C
:1063C0004B44A36023690433DB1B236104236375FF
:1063D0001CE00421200000F04BF8002816D0237D9B
:1063E000A168012B19D0CB782B70A3689B786B70B8
:1063F000A3685B78AB70A3681B78EB70A368043369
:10640000A360236904332361042363750123A07D02
:106410005840C0BCB946B046F8BD042228000CF074
:1064200071FDEBE7A368DB1BA3602369DB1B236122
:1064300043466375EAE7A3685B78AB700335A668EB
:10644000BBE73A00310028000CF05CFD4A46A16829
:10645000E8190CF057FDB2E7827D03000020002A06
:1064600005D19A685B68521893424041C0B27047A8
:1064700010B50400807D00280FD1A26863689A429D
:106480000DD3A369002B0CD02000E16998470200CE
:1064900001205040C0B2A27500E0002010BD0120D4
:1064A000FCE70122A275F9E78161C2617047C0462D
:1064B00030B503AD10CD8A180160C3600919E41826
:1064C00000232D78426005758160046143758375F2
:1064D0008361C36130BDC04610B5012482B0019410
:1064E000049C0094FFF7E4FF02B010BD10B5002437
:1064F00082B00094FFF7F0FF02B010BD10B500238A
:10650000FFF7F4FF10BDC04610B50C000CF03CFFC7
:10651000601E611A084010BD10B5427D03000C00DA
:1065200000208A4205D218690CF02EFF601A013C47
:10653000204010BD70B504000D00FFF7EDFF23698A
:1065400062681B182361A3681818824200D21000E9
:106550006575A06070BDC04683680068181A7047F2
:1065600043688068181A704770B5837D04000D0079
:10657000002B0DD1826843689A420BD3002909D0C1
:106580008369002B0FD0C1699847A075002801D0FE
:10659000002070BD2000FFF7E3FF030028009D42AC
:1065A000F7D91800F5E701338375F1E770B50400FA
:1065B0000D00FFF751FF00280FD0A3685B19A360FF
:1065C00023695B1923610123637570BDA3682D1ACC
:1065D0001B18A36023691B182361012229002000D6
:1065E000FFF7C2FF0028F1D1EDE7C046002330B528
:1065F0008FB00193033302920093042206AB040090
:1066000001F030FC0025002802D128000FB030BD79
:106610000299200005AA01F065FD05A9050006A85C
:1066200003F08CFCF1E7C04630B58DB003910292C7
:10663000110C10AA04001078CAB20021012A01D15D
:106640001A4011000E33CA18012301900093200054
:10665000039992B204AB01F005FC0025002802D199
:1066600028000DB030BD02992000119A01F03AFDCA
:106670001199050004A803F0ADFBF1E770B5050022
:106680008420174C8000A54411AC235203230292AE
:106690009AAA039102CA684616782372012200233F
:1066A00022710375002919D002770891802215A95B
:1066B000920009A8FFF722FF05A909A802F02CFF04
:1066C0000D9B2800E360029A03999BB20194009607
:1066D000FFF7AAFF96239B009D4470BD0177E5E775
:1066E000A8FDFFFF70B51A4C0500A54418009EAB2D
:1066F0001E78022313AC059197A90492237100F030
:1067000063FA032323729C9B6A4624210693012388
:10671000521813709D9B6A460A93002313778022B8
:1067200017A992000BA8FFF7E9FE06A90BA802F033
:1067300015FF0F9B28001693049A05999BB20194AC
:106740000096FFF771FF98239B009D4470BDC046E3
:10675000A0FDFFFFF0B50326174C0500A544180067
:10676000FFAB0EAC0591A43392A91F780492267159
:1067700000F02AFA93216A46002389005218137008
:106780006A46083152181370802212A9920006A896
:106790002672FFF7B3FE93A906A802F0AFFF0A9B8B
:1067A00028001193049A05999BB201940097FFF772
:1067B0003BFF024B9D44F0BD74FBFFFF8C040000C7
:1067C00070B5194C0500A5441800FFAB9C331E782A
:1067D00004230EAC059192A90492237100F0F4F900
:1067E000032393216A4623720023890052181370F1
:1067F0006A46083152181370802212A9920006A826
:10680000FFF77CFE93A906A803F03EF80A9B280038
:106810001193049A05999BB201940096FFF704FF27
:106820009123DB009D4470BD78FBFFFFF0B5CE46A1
:10683000474680B52F4C0700A5441800ADAB1B7828
:1068400004920591ABAE9846B3881DAD99460523D9
:10685000A1A92B7100F0B8F903230EAC2100AA986E
:106860002B7200F0B1F901232C22A3700023A35452
:10687000A373237523774B465A1E9341A3724B464D
:10688000A38173785A4253419BB22381B278002A84
:1068900002D10232134323813278012A26D0032AFF
:1068A00020D0002A02D1082213432381802221A96B
:1068B000920006A8FFF722FE210006A803F0A8F820
:1068C00042460A9B3800EB60059900929BB2049AFD
:1068D0000195FFF7A9FEA3239B009D44C0BCB946C8
:1068E000B046F0BD202213432381DFE7102213437B
:1068F0002381DBE774FDFFFFF0B5CE46474680B548
:10690000304C0700A5441800AFAB1B7804920591EA
:10691000ADAE9846B3881FAD99460623A3A92B7147
:1069200000F052F903230EAC2100AC982B7200F05A
:106930004BF901233822A3700023A3540C3AA3542B
:10694000A373237523774B465A1E9341A3724B467C
:10695000A38173785A4253419BB22381B278002AB3
:1069600002D10232134323813278012A26D0032A2E
:1069700020D0002A02D1082213432381802223A998
:10698000920006A8FFF7BAFD210006A802F0FCFF5E
:1069900042460A9B3800EB60059900929BB2049A2C
:1069A0000195FFF741FEA5239B009D44C0BCB9465D
:1069B000B046F0BD202213432381DFE710221343AA
:1069C0002381DBE76CFDFFFF014B18787047C04661
:1069D00016630020F0B54E46DE4657464546E0B504
:1069E0001E2589B0059300236D442B7080269D23BE
:1069F00004919B00B6009946C758835D04009346F6
:106A0000002B28D01D4B05AF9A46E43BFF3B6B445F
:106A10009846824402E0059B002B10DD4B46E1586E
:106A200043462200039350462300029701950096A7
:106A300001F0AAFD0028EED02B78002B18D042469A
:106A400000200F4B12781A7009B0F0BCBB46B2465A
:106A5000A946A046F0BD1F226A449046009201005C
:106A60003200059BB8470028E9D02B78002BE6D1EF
:106A70005B461860049B01201C60E5E702020000F1
:106A8000166300209C23F0B59B00C658703BC35C86
:106A9000140087B0002B0DD117256D442B00B04793
:106AA000002801D0A04214D000200B4B2A781A7085
:106AB00007B0F0BD094B1725C71800236D4401939B
:106AC00000920B00020031003800029501F040FBFB
:106AD000E6E70120ECE7C046166300200202000052
:106AE00010B58024A40001559A21890042509B22B0
:106AF000920083509C23029A9B00C250039A043355
:106B0000C25010BD9A239B00C35870B50400002BDF
:106B10002BD09B2292008258002A26D09C229200E1
:106B20008258002A21D09D2292008258002A1CD02F
:106B3000A322920081509847051E16D080239B0007
:106B4000E35C002B14D19E239F229B00E4500B4B4F
:106B50009200A3500A4B0432A3500A4B0432A350B4
:106B6000A223843A9B00E25200E00025280070BD79
:106B7000054B0021E01801F0E5FAE4E7856A001012
:106B8000D5690010C9690010020200009B2310B5EE
:106B90009B00C358984710BD82B001AB99705B88C9
:106BA0001B04184302B070470F2310B5447882B01D
:106BB00001A9234002788B704B88120120091B0425
:106BC0008018184302B010BD83B200031A09000FE9
:106BD0001B0182B0C0180A70487002B07047C046EE
:106BE000F0B5CE46474680B591B004000F0008A826
:106BF00004A916001022FFF781FCA0236A461B019E
:106C000013811D4B21781B8808A85381022303930D
:106C100000230022009302F059FA022100230822E7
:106C200008A802F025F802A9050008A803F05EF9FB
:106C3000002D01D0002805D1002011B0C0BCB946FC
:106C4000B046F0BD08A8FFF787FC8046002EF3D0C1
:106C50000025236F424609CB04A998478146390095
:106C6000200000F0D3FE4B461840C0B2013500288A
:106C7000E3D1AE42EDD8DFE724440110F0B5DE46A3
:106C8000574645464E46E0B5D1B007008A460EA8A5
:106C90000AA990461022FFF731FC7021A02302AA16
:106CA00052181B0113805A4B02311B8802AA52183A
:106CB000138002231F930023002200930E310EA89D
:106CC00002F004FA0023082202210EA801F0D0FFEE
:106CD0001EA904000EA803F009F92040C5B2002D3A
:106CE00008D10025280051B0F0BCBB46B246A946E9
:106CF000A046F0BD0EA8FFF72FFC43460290002BE4
:106D0000EFD000239B4699464346A8463D00039397
:106D10006B68029A0AA92868984701F0F3FF574662
:106D200004004B46AE6806932868534607AA06A996
:106D3000B047061E11D101F0E5FF001B3F1A01F01C
:106D4000E1FF0400002FECDC01239C46E344002E0D
:106D500030D1039B9B45DBD3C3E7079A069916A85E
:106D6000FFF7CCFB0822002108A80BF0E9FB02A9E1
:106D70008C46092205AB624416A908A801F062F905
:106D8000C82200211EA80BF0DBFB16A8FFF7E8FBCA
:106D9000042811D87021B52302AA5218D65C01F03C
:106DA000B1FF001B3F1A01F0ADFF0400002F2BDDE7
:106DB000002EB6D0454695E74A4602AB9C469A72ED
:106DC0000B224B466244137049466346D9810E2319
:106DD0000A216344614416A802F0BCF916A8FFF723
:106DE000BFFB02ABDB899842D4D302AB9B7A062B64
:106DF000D0D17020002202A90918AF33CA541EA8AE
:106E000016A900F0C7F9C5E7731E9E41F6B29BE7CD
:106E10002444011010B58AB00100042202A8FFF733
:106E20006DFB6B466A4601AC05332100063202A8B1
:106E300001F038FF237800200D2B04D16B465879E0
:106E40008007C00F01300AB010BDC046F0B51B4C22
:106E50000F00A54403AE04000822002130000BF00F
:106E60006FFBA42210AD9200002128000BF068FBFC
:106E70003100380003F04EF8338820002B8001F0F9
:106E800029F900230C22009005A908A8FFF724FB8C
:106E9000290008A803F0B6F8089B00220021200072
:106EA00001F0BCF808A8FFF757FB236F020009CBDD
:106EB00005A99847B5239B009D44F0BD2CFDFFFF1D
:106EC000F0B5160093B005000F0001F003F974004F
:106ED000A419E400009005A90AA800231122503447
:106EE000FFF7FAFA2C19052200230A210AA801F05B
:106EF000BFFE03A9200008F0DDFF6B4640BAD88131
:106F000003A90AA81F7403F0F1F80A9B00220021CC
:106F1000280001F083F80AA8FFF71EFB2B6F020080
:106F200009CB05A9984713B0F0BDC04670B5002342
:106F30000167802143678367C3674350043143502F
:106F400004314350043143500431435005000431AF
:106F50004350040000210020983528606960A0217A
:106F6000200063541F3900F0C5FF2000083001F0F5
:106F700065FD70BD8023C1500433C2507047C046C8
:106F80008823C1500433C2507047C046A423C15067
:106F90000433C2507047C046AC23C1500433C250C2
:106FA0007047C04670B582B004000D00160001F0B5
:106FB00091F80300200032002900083001F088FD1C
:106FC000FF240200030A010C234022401B0221403F
:106FD00009041A430A43030E10001B06184302B0AB
:106FE00070BDC046F0B5040085B00D0016001F004E
:106FF00001F070F808343B003200290000902000B6
:1070000001F086FDFF240200030A010C2340224008
:107010001B02214009041A430A43030E10001B06F9
:10702000184305B0F0BDC04610B5083082B001F07D
:1070300095FDFF240200030A010C234022401B029D
:10704000214009041A430A43030E10001B0618438B
:1070500002B010BD10B50B4C84B00094083001F0A4
:107060009FFDFF240200030A010C234022401B0263
:10707000214009041A430A43030E10001B0618435B
:1070800004B010BD156E001010B5040001F056FEDE
:10709000983422686368801A994110BDF0B5DE46C5
:1070A00057464E464546E0B5037E040085B0002BAA
:1070B00034D008239A466B469D1C03AB994602AB1D
:1070C00000269846824401AF07E010239C46013613
:1070D000237EF6B2E244B34220D9012201213000DE
:1070E00001F05CFC2B0038604A464146504608F0EF
:1070F00083FF0028E9D02000029B2A88397800F01D
:107100008DFF236F039A09CB0299984710239C4661
:107110000136237EF6B2E244B342DED84823E35C74
:10712000002B2FD000239A466B469D1C03AB99463B
:1071300002AB9846482326009B46203601AF012229
:107140000221504601F02AFC38600AE02000029B30
:107150002A88397800F062FF236F039A029909CBDD
:1071600098472B004A464146300009F0C1F90028F3
:10717000ECD153460133DBB29A465B46E35C2836DA
:107180005345DCD805B0F0BCBB46B246A946A04684
:10719000F0BDC046F0B5C64600B5274C0600A54474
:1071A0000C006946200002F0A3FD6B46050002A911
:1071B00020005F79FEF77AFA6B461B7A0540EDB244
:1071C000002B10D1200087A9FEF770FA87236A46AA
:1071D0009B00D35C8046002B0BD1A4239B009D44D5
:1071E00080BCB846F0BD200003A902F043FC054076
:1071F000E8E7200088A9FEF787FA43462B42ECD047
:107200000028EAD088236A469B00D35C0D2BE4D18A
:1072100020008AA9FEF7A4FF0023002808D08A22B4
:10722000694692008A5E002A02DD7B425F417B1C38
:10723000B522B354D1E7C04670FDFFFFF0B54E460E
:107240005746DE464546E0B5A9B012AB9C462E2710
:1072500089460400B74B1B921EAE67441A9312AACC
:1072600094462F23320039004846634401F01AFD4A
:10727000002800D151E12F2212AB9B1818781B9BDC
:10728000093A9C4612AB9B181A783B7835880F2B2D
:10729000E5D81A999B00CB589F46484622A902F090
:1072A00073FF9023E558002D00D147E101F046FD22
:1072B00094238046E35826988A469F4A0693C1172E
:1072C00000230CF051F8279B089300230993089A98
:1072D000099B801859410490059122980023964AF1
:1072E000C1170CF041F80023239A0B930A920A9AD3
:1072F0000B9B8018594102900391249800238E4AD9
:10730000C1170CF031F80023259A0D930C920C9ABA
:107310000D9B801859414246009001915346200030
:10732000A847A0230122E25499E722A9484602F087
:1073300019FF442212AB9B180021187801F054FB6E
:10734000050A21902000EDB221AB290008309B46B0
:1073500001F06AFC002800D181E74222402112ABF3
:107360009B181A8812AB5B18198808F097FD5B46CA
:107370002A0020001978FFF7A3FD70E722A94846EC
:1073800002F0C8FE442212AB9B180021187801F0CD
:107390002BFB010A1F902000C9B2083001F02EFC1F
:1073A000051E00D15BE74022422112AB9B181A88D0
:1073B00012AB5B18198849BA89B209F05DF9280047
:1073C00009F014F912AA3223944663449A461880AD
:1073D00020AB984621AB9B465346A2461C0005E0D5
:1073E00053461B6F219A209909CB984723005A4690
:1073F0004146280009F0FCF80028F1D154462EE758
:107400000E2303400E9363461F9320AB1900043DE7
:107410004846984602F0CCFBABB212AA94461093B1
:10742000322363449A4621AB19005246404600F08D
:1074300077FE53461D8880232199E35822919B466D
:10744000002B06D08423E3582A0000932000002359
:10745000D847E16F00290CD00023606F02E00133B0
:10746000994206D05A00825AAA42F8D10021A26F4E
:10747000D15453461B8849460293219B2000019317
:107480001F9B109A00930E9B09F0CCF9E7E6494642
:107490002000FFF77FFEE2E6002A45D022AD29005A
:1074A000484602F08FFD1FAB9A4620AB19005246AA
:1074B000280000F035FE2B792099984653461D8808
:1074C0008023E35821919A46002B06D08423E35869
:1074D0002A00009320004346D047E16F002900D1E5
:1074E000BDE60023606F03E001338B4200D1B6E6B6
:1074F0005A00825AAA42F7D14146A26FD154AEE651
:10750000002A00D0ABE64946200000F04DFDA6E67B
:1075100049462000FFF79AFCA1E629B0F0BCBB4623
:10752000B246A946A046F0BD4946200000F048FDFD
:1075300095E6C0462844011000CA9A3B01F0FEFBC4
:107540000E9026980023264A0F91C1170BF00CFFCE
:10755000279B2500129300231393129A139B8018E4
:1075600059410E9A0F9B12184B4124980E920F937B
:10757000C11700231A4A0BF0F7FE259B9835149388
:1075800000231593149A159B12184B4122981092C0
:107590001193C1170023124A0BF0E6FE239B1693AA
:1075A00000231793169A179B80185941109A119B24
:1075B000801859410E9A0F9B121A8B410021D80F47
:1075C000189019911898199912184B410E920F930F
:1075D000D9070F9B52080A435B100CC5A1E6C046B1
:1075E00000CA9A3BF0B54E464546DE465746E0B5E2
:1075F00080460E009FB0002900DAA44E01F082FB05
:1076000048234246D35C82468B46002B00D12FE1B3
:107610000AAB079309AB0693012345465B420393EC
:107620009A4B0024994620350BAF05960AE0994500
:1076300000D184E04346482201349B5CE4B2283503
:10764000A3421AD901220221200001F0A7F95246D3
:1076500038605B46280008F09DFF002834D1EB69B4
:10766000AA699945E3DD99460392434648220134CD
:107670009B5CE4B22835A342E4D8039B059E01330A
:1076800000D17FE05246039B9D1A4746002D00D152
:107690000135B54200DD35003B6F079A18689C68DC
:1076A00006992B00A047002850D1761B002E00DC45
:1076B00090E001F027FB4823FB5C002B00D187E022
:1076C000B84682468B46A7E73B7840467E780493CF
:1076D00000F000FD0023112200900EA916A8FEF76D
:1076E000FBFE052200230B2116A801F0C1FAB3000E
:1076F0009E19F60046440121708E09F069F9338E17
:107700000CA94B80049B08800B7116A802F016FD93
:1077100000220021169B404600F080FC16A8FEF7D0
:107720001BFF43461B6F020009CB0EA99847EB696C
:10773000AA69994500DC7AE79946039295E703998F
:10774000914200D876E7994603928EE70A9A099902
:1077500004000EA8FEF7D2FE06AA00239446137278
:107760000A333800634408AA0EA9B84600F06AFC40
:1077700000280DD120001FB0F0BCBB46B246A94680
:10778000A046F0BD414B994500D07BE735007CE732
:1077900006AB187A002101F027F906AB5B89070CCC
:1077A000060AFFB29B460B900C90C5B2F6B2012FB1
:1077B00048D0022F10D0002FDCD10021002001F092
:1077C00013F90EA902000C904046FFF737FDD1E7F0
:1077D00035005EE70400CDE740463100083001F097
:1077E00023FA8246002827D0109B0EA89946FEF760
:1077F000B7FE06A98C46092262440300009259464E
:107800004A46504608F00EFA002815D006AB5B7ABF
:10781000002B33D0022708E006AB1D765E769F76FC
:1078200040460C9A16A9FFF709FD0422504616A9F6
:1078300008F09AFA0028EFD1320029004046FFF7FD
:107840003FFB97E740463100083001F0E3F900289C
:1078500000D18FE7594608F02BF9002800D189E7BD
:1078600006AB9F7640460C9A0EA9FFF7E7FC81E72E
:107870000AAB079309AB3500069306E706AB9F7684
:1078800040460C9A0EA9FFF7D9FCC3E7FFFFFF7F24
:1078900070B504000D0001F035FA06002000FFF776
:1078A000FDFB29002000FFF79DFE01F02BFA811B54
:1078B000691A0029F6DC2000083001F0C1F970BD1A
:1078C000F8B504000D0001F01DFA06002000FFF7D6
:1078D000E5FBB42300222900B427E25405E001F0BF
:1078E00011FA811B691A002906DD2000FFF77AFED4
:1078F000E05D0028F3D0F8BDE05DFCE7F0B5C646DA
:1079000000B506000D0001F0FDF907003000FFF79B
:10791000C5FB082398462C00B044002D09DA0DE081
:1079200021003000FFF75EFE01F0ECF9C41B2C1BB8
:1079300004D4404601F084F90028F1D0404601F01B
:107940007FF980BCB846F0BDF8B5DE464E464546E8
:107950005746E0B51D000A9B06009B4688469146A7
:10796000FFF79CFB5B46002B04D05A46FF21280002
:107970000AF0E6FD4B4673675B46B567F36701F0B7
:10798000C1F9414682466C1E5C443000FFF72AFE76
:1079900001F0B8F95346C11A4346591A5B46002B09
:1079A00029D02F004A462B001878FF2806D0A34282
:1079B0000DD0587801330232FF28F8D11088A34245
:1079C00014D0013302320028EED00029DDDC002380
:1079D000F36702E00137012B15D83B78A742F9D1B4
:1079E000002001229A424041C0B206E00029EEDDAB
:1079F0000028CAD1EBE70120F367F0BCBB46B246D2
:107A0000A946A046F8BD0020F7E7C046F8B5040037
:107A10000D0001F077F906002000FFF73FFBB523CA
:107A200000222900B527E25405E001F06BF9811B23
:107A3000691A00290ADD2000FFF7D4FDE35D002B61
:107A4000F3D0013B5A425341D8B2F8BDE35DF8E7A9
:107A5000F0B5574645469A46DE46FF234E46E0B50A
:107A60004371534607009046A1B0002B00D1CAE0F5
:107A70000023FA221D004346920006935346934684
:107A8000894607933B6F069A09CB4946984701F010
:107A900039F9FA23002204009046AA469B000BAE57
:107AA00009E001F02FF95A46031BD31A002B43DDDE
:107AB0007A79FF2A53D13A6F0CA9106895680DAAFC
:107AC000A8470028EDD00D9A0C9910A8FEF716FDD6
:107AD000434608AA944633700E23320038006344AC
:107AE00010A900F0AFFA0028DBD00021307800F0B8
:107AF0007BFF08AAD289030A050C0592DBB2C2B249
:107B0000EDB20E900F9004920393012D65D0022DDB
:107B100027D0002DC5D10021002000F065FF10A95D
:107B200002000F903800FFF789FB01F0EBF85A468E
:107B3000031BD31A002BBBDC55467A79079B013512
:107B4000AB4201D0FF2A9DD0FF3A531E9A41D0B2DA
:107B500021B0F0BCBB46B246A946A046F0BD554692
:107B6000ECE738001900083001F05EF808900028B2
:107B70002DD0129A10A908000992FEF7F1FC08AA6C
:107B800094460D21614403000091099A05990898D3
:107B900008F048F800281AD008AB5B7B002B37D0E0
:107BA00005940225089C0AE0049A08AB1A77039A08
:107BB0009D775A7738000F9A18A9FFF73FFB0422E8
:107BC000200018A908F0D0F80028EDD1059C380055
:107BD000039A0499FFF774F963E738001900083035
:107BE00001F018F8002800D15BE7059907F060FF65
:107BF000002800D155E708AB9D7738000F9A10A9EF
:107C0000FFF71CFB4DE7036F09CB984701209FE767
:107C100008AB9D7738000F9A10A9FFF70FFBBFE75D
:107C200030B58FB004000D0000F054FA002310228C
:107C3000009002A906A8FEF74FFC200006A900F05C
:107C400099F900220021069B200000F0E7F906A820
:107C5000FEF782FC2B00020002A92000FFF7F8FECD
:107C6000002803D0607943425841C0B20FB030BD04
:107C700008239C46F0B5DE46574645464E468444AA
:107C80006346E0B50700ADB01800059300F0E0FED4
:107C9000380000F01FFA00231C2200900DA914A840
:107CA000FEF71AFC3B6F38001A8A14A9043A92B204
:107CB00000F030F93800149900F09CF914A8FEF790
:107CC0004BFCFF237B71FA239B0083460A259A46CF
:107CD0003B6F5A4609CB0DA9984701F013F8FA23D8
:107CE000002204009146A8469B0008AE09E001F07E
:107CF00009F85246031BD31A002B43DD7A79FF2A79
:107D000051D13A6F09A9106895680AAAA8470028B6
:107D1000EDD00A9A09991CA8FEF7F0FB4B4606AA7B
:107D2000944633700A233200380063441CA900F0E3
:107D300089F90028DBD00021307800F055FE06AA32
:107D40005289030A050C0492DBB2C2B2EDB20B9069
:107D50000C9003920293012D62D0022D25D0002DAC
:107D6000C5D10021002000F03FFE1CA902000C90AC
:107D70003800FFF763FA00F0C5FF5246031BD31A21
:107D8000002BBBDC45467A79013D002D01D0FF2A4E
:107D90009ED00020002A60D02DB0F0BCBB46B24679
:107DA000A946A046F0BD4546EEE71900059800F04B
:107DB0003BFF069000282DD01E9A1CA908000792B0
:107DC000FEF7CEFB06AA9446092161440300009108
:107DD000079A0499069807F025FF00281AD006ABE9
:107DE0005B7A002B31D004940225069C0AE0039AAA
:107DF00006AB1A76029A9D765A7638000C9A24A918
:107E0000FFF71CFA0422200024A907F0ADFF002888
:107E1000EDD1049C3800029A0399FFF751F866E708
:107E20001900059800F0F6FE002800D15FE70499DC
:107E300007F03EFE002800D159E706AB9D763800DA
:107E40000C9A1CA9FFF7FAF951E706AB9D763800AA
:107E50000C9A1CA9FFF7F2F9C5E7059800F0F8FDA8
:107E6000012099E7F0B5D6464F4646461500C0B505
:107E700082B01F000AAB1B78060099460BAB1B783B
:107E800010009A460C0A019100F032FF2B1D984613
:107E900001AB9B78E4B28044012B16D0022B06D0B4
:107EA000002002B0E0BCBA46B146A846F0BD3000A2
:107EB0002100083000F0A2FE0028F1D03A0041462F
:107EC00008F062F900280DD1EAE7300021000830FF
:107ED00000F08CFE0028E3D03A00414608F06CF830
:107EE0000028DDD0534649463800AAB200F0C0FE53
:107EF0000120D6E7130E437013021B0E8370130488
:107F00001B0EC3700923C380F633017002714371E5
:107F10007047C046F0B589B004000E00170000217C
:107F20001C2201A80AF00CFB114B69461A689B88B9
:107F300000920122CB80A3780A7161781B020B4367
:107F40006946E5788F832D041D432379E2801B0663
:107F50002B43029323780F320B7330000023002150
:107F600000F086FE6946300001F030FF09B0F0BD38
:107F70006844011010B5802382B06A469B0093804C
:107F8000084B0C001B890321D38002230422C380E9
:107F90000023200000F06CFE200001A901F0CEFFBC
:107FA00002B010BD6844011030B589B001AD0400C5
:107FB0000800290001F0D2FF2B78637109B030BDB1
:107FC00010B5040082B00800694601F0FBFFE388A9
:107FD000022B01D002B010BD6B46981CFEF7E4FDE9
:107FE0006B466A461979802312889B009A42F1D128
:107FF0006171EFE710B504008AB002A80822FEF70D
:108000007DFA7F23217801349943002200230094D4
:1080100002A801F05BF80AB010BDC04670B50400BC
:108020000D0016008AB0190002A80822FEF766FAB1
:108030002178013433002A00009402A801F046F8A8
:108040000AB070BDF0B54746CE4680B5050085B094
:1080500008001F000C001600FEF782FA0023984665
:10806000082805D8404605B0C0BCB946B046F0BDAA
:108070000B336B44994603AB3200009349463B00F7
:10808000200001F03DF84B462A781B789342E9D155
:1080900001225BB29046002BE4DB6B461A7B6B78C7
:1080A0009A4205D001235A425341DBB29846D9E7A0
:1080B0006B465A7BAB789A42F4D16B469A7BEB784D
:1080C0009A42EFD16B46DA7B2B799A42EAD10023B0
:1080D000E9E7C04603787F20984280410323984314
:1080E0000830704710B582B00191C4880B49230055
:1080F0000A3B9BB28B420DD80134A4B2210AE3B2F1
:10810000C480019811705370911CFEF75DFD200032
:1081100002B010BD0A2300210A24F1E7F4FF000099
:1081200070B5050002300E001400FEF73DFD3080F2
:10813000000C70806B782A781B0213435BBA238093
:1081400070BDC04600234170037083857047C046F0
:10815000F0B54E4657464546DE46E0B587B001933A
:1081600010AB160004CB07001878129B02929946B8
:108170007E223823FA540D0079780B007D3B012BC9
:1081800000D861E105239B46023B039301339C46E3
:10819000013B9A46013B02229846622443463B55E6
:1081A000293C39550100BA187D393832012900D8E7
:1081B0003EE110706220039B3B54029B190AC9B236
:1081C0000C007D3CDAB2E3B29B467D235B429846CD
:1081D00090444346012B5AD9039BFB1838331A703D
:1081E00063463B545B46012B76D96346FB18383314
:1081F000197063465A1C029BD2B23A54002B00D12C
:1082000033E100239A46623398469B4BB34603936F
:108210004B46D14649463E0012931F00019B5B5CD2
:1082200019007D39012922D9292A65D8B118383198
:1082300001320B70D2B24146725452465340FF2273
:108240001340524603995B005B5A120A53409A4608
:1082500001239C46029BE1444B456CD94346494669
:10826000F25C019B5B5C19007D390129DCD8511C53
:10827000C9B2292940D8B11808007D2438300470CB
:1082800020203931584002320870D2B2D3E7039C23
:108290003B199C463823634498467D239A464346BF
:1082A00054461C70392398462023C44498464346BC
:1082B0005A406346039C1A70A21CD3B29C463B549E
:1082C0005B46012B08D96346FA1823003832033382
:1082D0001170DAB23A5494E76346FB181A007D2015
:1082E00038321070202239334A401A7063469A1C83
:1082F0006223D2B2FA5484E7002401E000280CD0B3
:1083000021003831121B3B0058467118A8474346DC
:10831000F25C24189442F1D307D0002007B0F0BCDF
:10832000BB46B246A946A046F0BD00234246B35420
:10833000029B4B4592D8514605AA1180B946370099
:108340005E46934662225346BA5CDBB200218A46FF
:10835000623188464946B14612913E000F0019002D
:108360007D3901292FD9292A1BD9002401E00028B1
:10837000D3D021003831121B3B0048467118A84762
:108380004346F25C24189442F1D3C6D100234246FE
:10839000B35452465B469B5C002219007D3901298B
:1083A00011D9B11838310B7043460132D2B2F254B0
:1083B0005346012B1BD05B4601215B788A4619008E
:1083C0007D390129CFD8511CC9B22929CDD8B1187E
:1083D00008007D24383004702020393143400B7070
:1083E00043460232D2B2F2545346012BE3D11297E4
:1083F000129B37004E46994662230024984602E0BD
:10840000002800D189E721003831121B4B4630008B
:108410007918A8474346FA5C24189442F0D300D058
:108420007BE700234246BB54029B1804000C75E70F
:108430007D23137053462022FB18383342401A70B4
:108440006346DC460393B5E62023443A4B40BB54D5
:1084500006239B46023B039301339C46013B9A460D
:10846000013B98467D21373A97E6190005AB9B46BC
:10847000198000236AE7C04694440110F0B54E46C7
:108480004546DE465746E0B585B0040092461E00DC
:10849000894600F037FC2C23E25C0133E55C804622
:1084A000AA4262D021D8013DAB1A0025DBB20F9A57
:1084B000934224D811005A198A4201D9CD1AEDB23B
:1084C000002B21D1002700F01DFC4346C31A306861
:1084D000C01AC343DB1718403060380005B0F0BC49
:1084E000BB46B246A946A046F0BD002D47D02A2380
:1084F0009B1A0F9A013DDBB2EDB29342DAD90F9B82
:108500000025DBB2002BDDD02C22A15C03930231CD
:108510000E9A3368611800925046039AC8472C237C
:1085200007009B46E05C2A21C0190AF02DFF5B463C
:10853000E154002FC6D0039B9F42C4D1002DC2D06E
:108540000E9B02312A006118009350460023C84751
:108550005B460700E05C2A21C0190AF015FF5B4664
:10856000E154039B9C466744ADE70023A3850F9B22
:10857000282BC4D92923022100250393C8E72923E6
:108580009B1ADBB293E7C046F0B5DE464E46454641
:1085900057462D24E0B52C2587B0049105929B46C3
:1085A000425D035D06009A4200D15CE10020C84BA9
:1085B0000293002800D080E03378072BFDD8029A80
:1085C0009B00D3589F462C232D25F35C745D984661
:1085D000A34200D123E133192A21601C9F780AF0BD
:1085E000D3FECBB27D2F00D1A5E173557E2F00D1F4
:1085F000BFE10723B7863370DEE7338E778E9A4666
:10860000BB4230D92D239946B24B039324E0731912
:108610002A21681C9C780AF0B7FECBB27D2C00D1D1
:10862000E4E04A46B3547E2C00D1B2E15B46DC550F
:10863000F28EFF21130063400B4003995B005B5AED
:10864000778E120A53400137F386338EBFB29A46B3
:1086500077869F4200D3DAE02C23F35C98464B46A2
:10866000F55CA845D3D1BA4500D00FE1062333709D
:10867000A2E72C232D27F35CF55D9846AB4200D191
:10868000DBE073192A21681C9C780AF07DFECBB2CE
:108690007D2C00D141E1F3557E2C00D15AE100221E
:1086A000338E24021B197286F286109A9BB233868F
:1086B000934200D8E7E000233370002007B0F0BCFD
:1086C000BB46B246A946A046F0BD2C232D25F35C3F
:1086D000745D9846A34200D1A1E033192A21601CA1
:1086E0009F780AF051FECBB27D2F00D1E1E07355A7
:1086F0007E2F00D13DE10423378633705CE72C23C5
:108700002D25F35C745D9846A34200D1B9E033197E
:108710002A21601C9F780AF037FECBB27D2F00D152
:10872000DAE073557E2F00D131E17378DB1B5A1EDE
:10873000934102225B429343033333703CE70023AF
:108740002E252D2773552C33F35CF45D9846A342F8
:1087500075D033199B782A219946601C0AF014FEC3
:108760004A46CBB27D2A00D1C4E07255F3557E2A29
:1087700065D0022333701FE72C23F55C01332D27CE
:10878000F05C09E033182A2101309C780AF0FCFDE6
:10879000C8B2F0557E2C3FD08542F3D18DE72C2313
:1087A0002D25F75C745DA74247D033199B782A21A9
:1087B0009946601C0AF0E8FD4A46CBB27D2A69D092
:1087C00073557E2A00D1C5E04C460022B38E2402A8
:1087D0001B193270F28E9BB2B3869A4200D06CE7BE
:1087E0002E23119AF35C1370308E67E7984500D101
:1087F00039E771188C78A81C2A210AF0C5FD4B4670
:10880000F1547E2C00D1C4E020235C400EE79F424F
:1088100000D12BE77E2C39D101233370CCE6022323
:108820000193139B30000093059A129B0499FFF764
:1088300025FE43425841C0B2BBE60123F0E70423C2
:108840000193139B30000093059A129B0499FFF744
:1088500015FE002800D0AFE62E23F05C7E38431EC4
:108860009841C0B2A5E605230193139B059A009396
:10887000129BFFF703FE725D335D9A4200D11CE745
:1088800094E60323CCE70523337095E65346DB1BC0
:108890000233C5E7BB42D0D071188F78A01C2A21C3
:1088A0000AF072FD71557E2F54D03C0020235C40AD
:1088B0008BE79845B3D071188F78A01C2A210AF055
:1088C00063FD71557E2F54D020235F4013E7C046CF
:1088D00074440110944401104345D2D071188F782C
:1088E000A01C2A210AF050FD71557E2F4FD0202365
:1088F0005F401AE79845A2D071188B78A01C984663
:1089000073552A210AF040FD4346F1557E2B96D03F
:10891000202342465A4072552BE798458DD0711856
:108920008C78A81C2A210AF02FFDF1557E2C11D03D
:1089300020235C40B3E6434500D170E771188F787F
:10894000A01C2A210AF020FD71557E2F11D0202372
:108950005F404EE60124139B30000093059A129B62
:1089600004990194FFF78AFD002800D024E63470B2
:1089700022E602230193139B30000093059A129B79
:108980000499FFF77BFD002800D015E644E7032398
:10899000F0E7574500D03FE768E6C04630B5002312
:1089A000150083B001291BD0022915D00202090449
:1089B0001A432D060A432A43FF241000110A130C00
:1089C00021402040090223401B040843120E1206D6
:1089D0001843104303B030BD0300803BDBB2E5E732
:1089E000431CDBB2E2E7C04610B582B0002806D0D7
:1089F00043B2002B1DDB431E0122DBB201E000224B
:108A000000231B021204184309061043FF240843E5
:108A10000100020A2240030C2140234012021B04E1
:108A20000A431A43000E03061002000A184302B05C
:108A300010BD0300803B0222DBB2E2E700234022AC
:108A400003748354043283541C3283547047C046E9
:108A5000F8B5037C0400002B09D006000025300087
:108A600007F0A4FA237C01351036AB42F7D8442333
:108A7000E35C002B0BD02600002544274236300053
:108A800007F012F8E35D01350236AB42F7D8402318
:108A9000E35C002B0BD02600002540271836300061
:108AA00007F044FBE35D01352836AB42F7D860237D
:108AB000E35C002B0BD026000025602748363000F1
:108AC00007F086F8E35D01351836AB42F7D8F8BDFC
:108AD00030B5047C83B0651C05742501401907F08E
:108AE0005DFA012201212000FFF758FFFF24020058
:108AF000030A010C234022401B02214009041A43AF
:108B00000A43030E10001B06184303B030BDC046D5
:108B1000F0B585B00AAC26784024055D6F1C07557A
:108B2000AC006419E40018340019009607F0BEFA8E
:108B3000012202212800FFF731FFFF240200030A6F
:108B4000010C234022401B02214009041A430A431E
:108B5000030E10001B06184305B0F0BD442310B5EA
:108B6000C45C82B0621CC254230021335B00C01875
:108B700006F096FF002201212000FFF70FFFFF24DF
:108B80000200030A010C234022401B022140090479
:108B90001A430A43030E10001B06184302B010BD0F
:108BA00070B56024055D84B06E1C06556C006419B8
:108BB000E40048340019089C009406F0CFFF00221E
:108BC00002212800FFF7EAFEFF240200030A010C3D
:108BD000234022401B02214009041A430A43030E8A
:108BE00010001B06184304B070BDC046027C030091
:108BF00000208A4201D90901581870474023C35CFC
:108C0000020000208B4204D98B005B18DB00183374
:108C1000D01870474422825C030000208A4202D9A7
:108C200021314900581870476023C35C02000020BE
:108C30008B4204D94B005B18DB004833D0187047D7
:108C4000F8B54023C35C0600002B0FD005000024BC
:108C50004027183502E02835002806D0280007F004
:108C60004BFDF35D0134A342F5D8F8BD0120FCE7CC
:108C7000F8B50F000421160004001D00FDF75AFC92
:108C80000123012239002A4320002375330000F01C
:108C900051FA2000FDF764FC0021B0424941C8B2FE
:108CA000F8BDC046F0B5C646050000B50F0004216A
:108CB00090461E00FDF73EFC2800FDF751FC032402
:108CC0008442A4416442032803D8200080BCB846F3
:108CD000F0BD434632003900280000F03BFA012283
:108CE000110033781940934333702975EDE7C0467E
:108CF000032213000340024201D00132D31A1800AC
:108D00007047C04610B584B069460120F7F7B6FD3C
:108D1000009801990023074A0AF026FB029C2200D2
:108D2000E317801859410023034A0AF015FB04B0E9
:108D300010BDC04600CA9A3B40420F0010B584B037
:108D400069460120F7F79AFD009801990023054A2A
:108D50000AF00AFB029C2200E3178018594104B074
:108D600010BDC04600CA9A3BF0B54546DE465746A0
:108D70004E46E0B50D000F0080462800B8378FB092
:108D8000797A0830FFF73AFF040007F0BFFC0028AB
:108D900013D1B82328007968EB589847002807D1E9
:108DA00001200FB0F0BCBB46B246A946A046F0BDBC
:108DB000200007F0ABFC0028F2D02389606819007E
:108DC00003930AF0CDFA04238246267B5B42534488
:108DD0009E1B9B46043EFB68B6B29B1B2268FB6051
:108DE000E089039991460AF0CFFA534689B24B4382
:108DF00049469A460422514406A80AF083F853468D
:108E0000069A191D009200235A46494406A8FDF708
:108E100063FBFA68130008335B452DD90023320049
:108E20000D2106A8FFF724FFE38999465B460593C9
:108E30002789606839000AF093FA3900060048462D
:108E40000AF0A2FA89B2714320680422401805A9E9
:108E50000AF058F80121E08907F0BAFD0899079A4D
:108E6000E081521A4046FDF749FB40462A00084976
:108E7000FDF71AFB002094E702230D2192B206A809
:108E8000FFF7F6FEE3899946FB680833CFE7C04653
:108E9000698D0010F0B587B01C000C9B02921A1D62
:108EA000002301930733009323000500FEF7DAFF48
:108EB00001235840C0B20026A075002802D030001F
:108EC00007B0F0BD05AA02992800FFF70BF905A924
:108ED0000600200001F0FAF8A1686268A569E76958
:108EE0002000521AFDF70AFB3A0029002000FDF786
:108EF000DBFAE4E7F0B5DE464E4645465746E0B5B8
:108F0000050093B0080A0791C1B2280008301E007E
:108F10000692FFF773FE07AB9B780400012B0BD082
:108F2000002809D007F0F2FB002813D128001E9971
:108F30001D9B9847002808D10024200013B0F0BCE6
:108F4000BB46B246A946A046F0BD200007F0DEFBB6
:108F50000028F1D0E38927899846236839006068A2
:108F60009B460AF0FDF98146390040460AF00CFAAA
:108F70004B468FB25F433A005A44110005920AA84B
:108F80000422039309F0BEFF0A9A039B9246227BB8
:108F9000043B9946524575D30437BB4449461C9B54
:108FA0000AA8083304930B1F9B1A059904229FB249
:108FB00009F0A8FF0A9B4A46594600930AA80023D5
:108FC000FDF78AFA049B3A009C46CC459B415B42E4
:108FD0000D215B000AA8FFF74BFE4B46099323893E
:108FE0006068190099460AF0BBF9494607004046F7
:108FF0000AF0CAF989B2794320680422401809A905
:1090000009F080FF0121404607F0E2FC5346039A35
:10901000191D083AD21A070059443000FDF76EFABC
:109020001C9B07211A1D80235B029A429B411A4018
:10903000E781002392B23000FFF71AFE280006995C
:1090400009AAFFF74FF8041E00D176E709A93000FE
:1090500001F03CF8B16872683000521AFDF74EFA20
:10906000C023079A3000EA50049A0433EA501D9A4C
:109070000C3BEA501E9A0433EA5013492A00FDF7CC
:1090800013FA5AE70121404607F0A2FC23898046E3
:10909000190060689A460AF063F9834651464046D3
:1090A0000AF072F95B4689B259430B1D9B4627684B
:1090B00004227B1819000AA8059309F023FF0A9BD4
:1090C000227B9A46BB4469E7698D0010F8B517000A
:1090D00005001E000C00FCF701FB39002800FCF71E
:1090E000FDFA64B2320001212800FCF799FB002C44
:1090F00004DB04222800069906F09AFBF8BDC0465E
:10910000F8B5170004001E000D00FCF7FDFA390049
:109110002000FCF7F9FA320001212000FCF768FC7E
:109120002B787F2B04D804222000069906F0E8FB58
:10913000F8BDC04670B5160004001D00FCF7CEFA5D
:1091400031002000FCF7CAFA2A0001212000FCF7B8
:1091500067FB70BD70B5160004001D00FCF7D4FA63
:1091600031002000FCF7D0FA2A0001212000FCF792
:109170003FFC70BDF8B5CE464746042280B50D00D1
:10918000040006F055FB02220600291D200006F00F
:109190004FFB02220640A91D200006F049FB2900D2
:1091A000F6B2042206400831200006F041FB297B7C
:1091B00006402000FCF792FA697B06402000FCF78D
:1091C0005FFA6B7B30408046002B09D1A98B2000D1
:1091D000FCF7B2FA43461840C0BCB946B046F8BDE9
:1091E00020002969FCF778FC2B69002B18D02E0091
:1091F00000271436002803D116E00836002813D0C3
:109200003168200006F038FC81467168200006F0C5
:1092100033FC4B462A6918400137C0B29742ECD361
:10922000434603409846D1E700239846CEE7C04620
:10923000F8B5CE464746042280B50C00050006F07E
:109240005FFB02220600211D280006F059FB0222C6
:109250000640A11D280006F053FB2100F6B20422AF
:1092600006400831280006F04BFB210006400C3177
:109270002800FCF749FA210006400D312800FCF7D0
:1092800015FA637B30400700002B09D1210028002C
:109290001C31FCF73DFB3840C0BCB946B046F8BDB8
:1092A000210028001031FCF727FD2369012B03D989
:1092B0000123AB750027E9E7002B1FD02600002310
:1092C00014369846002803D1F4E708360028F1D078
:1092D000802231689200280006F0DAFB8022814665
:1092E00092002800716806F0D3FB4B46184001231A
:1092F0009C462269E044C0B29045E6D30740C5E7EA
:10930000F8B5CE464746042280B50D00040006F0AD
:109310008FFA02220600291D200006F089FA022297
:109320000640A91D200006F083FAF6B20640297A0D
:109330002000FCF7A5F92B7A0640B046002B04D19B
:109340004046C0BCB946B046F8BD2000E968FCF70D
:10935000C3FBEB68002B18D02E0000271036002826
:1093600003D116E00836002813D03168200006F03B
:1093700083FB81467168200006F07EFB4B46EA685D
:1093800018400137C0B29742ECD343460340984699
:10939000D6E700239846D3E770B50D00097806009C
:1093A000FCF79CF9041E06D02B78022B0DD0032B62
:1093B00011D0012B09D082239B003000E918022232
:1093C00006F036FA2040C0B270BD3000696806F081
:1093D00053FB0400EFE7290030006A68083106F00B
:1093E00021FB0400E7E7C0460B7870B506000C00CF
:1093F0000E2B11D8324A9B00D3589F460431FFF7F9
:10940000CBFF70BD0979FCF769F9002821D02379D9
:10941000012B42D0022B40D00120F2E70979FCF762
:109420005DF9051E0BD02379022B3BD0032B06D10F
:1094300021003000A2680C3106F0F4FA0500832305
:109440009B0002223000E11806F0F2F92840C0B279
:10945000D7E70020D5E70979FCF740F9051E0BD0C6
:109460002379022B03D0032B22D0012B04D130000F
:10947000A16806F001FB050083239B003000E15E3C
:10948000FCF7FAFD2840C0B2BBE70431FFF772FEDB
:10949000B7E70431FFF734FFB3E73000A16806F007
:1094A000EBFAAEE73000A16806F0E6FA0500C6E781
:1094B00021003000A2680C3106F0B4FA0500DBE7A9
:1094C0009446011070B506000D00FCF71DF9041E4E
:1094D00006D02B78022B0DD0032B13D0012B09D0F3
:1094E00082239B003000E918022206F009FA20408E
:1094F000C0B270BD802230006968920006F0C8FAE0
:109500000400EDE78022290030002B1D9200083175
:1095100006F09AFA0400E3E770B50C00097806003B
:10952000FCF7AEF823780500002B0AD13000217A31
:10953000FCF7A6F8237A0540EDB2002B08D12800ED
:1095400070BD3000616806F097FA0540EDB2EDE7B6
:109550003000E16806F090FA0540F0E770B50C00C5
:109560000968050006F088FA217906002800FCF752
:1095700087F823790640F6B2002B09D12800217B19
:10958000FCF77EF8237B0640002B0ED1300070BD27
:10959000A168280006F070FA217B06402800FCF73D
:1095A0006FF8237B0640002BF0D02800216906F0DD
:1095B00063FA0640F6B2E9E7F0B5C6460C0000B51E
:1095C00009780600FCF75CF8237807000500002BFB
:1095D0000ED128273000E15DFCF752F8E35D05402D
:1095E000EDB2002B00D07BE0280080BCB846F0BD77
:1095F00030006168FCF770FA6368002B7AD00028AD
:1096000076D03000A16806F037FA62680300012ABC
:1096100063D900286CD03000E16806F02DFA62684A
:109620000300022A59D9002862D03000216906F0CF
:1096300023FA62680300032A4FD9002858D030006B
:10964000616906F019FA62680300042A45D9002806
:109650004ED03000A16906F00FFA62680300052AB7
:109660003BD9002844D03000E16906F005FA626871
:109670000300062A31D900283AD03000216A06F0CA
:10968000FBF962680300072A27D9002830D0300090
:10969000616A06F0F1F962680300082A1DD9002802
:1096A00026D03000A16A06F0E7F962680300092AB3
:1096B00013D900281CD0082398460925A04401E0AE
:1096C000002815D04246AB00D158300006F0D4F93E
:1096D0006268013503009542F2D33B40DDB278E782
:1096E00021003000E26A303106F09CF905407BE74A
:1096F00000256EE70540EDB26BE7C04670B50C0083
:1097000009780600FBF7BCFF23780500002B0AD17F
:109710003000217AFBF7B4FF237A0540EDB2002B2D
:1097200008D1280070BD3000616806F0A5F9054039
:10973000EDB2EDE7210030000C31FFF73DFF0540B1
:10974000EFE7C046F0B5C6460C0000B50978060044
:10975000FBF796FF237807000500002B0ED1282782
:109760003000E15DFBF78CFFE35D0540EDB2002BBF
:1097700000D07BE0280080BCB846F0BD30006168B6
:10978000FCF7AAF96368002B7AD0002876D0300065
:10979000A16806F071F962680300012A63D9002804
:1097A0006CD03000E16806F067F962680300022AB5
:1097B00059D9002862D03000216906F05DF962684D
:1097C0000300032A4FD9002858D03000616906F001
:1097D00053F962680300042A45D900284ED03000AE
:1097E000A16906F049F962680300052A3BD90028FF
:1097F00044D03000E16906F03FF962680300062AB0
:1098000031D900283AD03000216A06F035F9626873
:109810000300072A27D9002830D03000616A06F0FB
:109820002BF962680300082A1DD9002826D03000D1
:10983000A16A06F021F962680300092A13D90028F9
:109840001CD0082398460925A04401E0002815D023
:109850004246AB00D158300006F00EF9626801357F
:1098600003009542F2D33B40DDB278E7210030009F
:10987000E26A303106F0D6F805407BE700256EE756
:109880000540EDB26BE7C04670B50C0009780600E4
:10989000FBF7F6FE23780500002B0AD13000217A71
:1098A000FBF7EEFE237A0540EDB2002B08D128002D
:1098B00070BD3000616806F0DFF80540EDB2EDE7FD
:1098C000210030000C31FFF73DFF0540EFE7C046B7
:1098D00070B50C0009880500FBF72EFFA178060083
:1098E0002800FBF7CDFEA3780640F6B2002B19D175
:1098F0002800A179FBF7C4FEA3790640002B1ED1F6
:109900002800217BFBF7BCFE237B0640002B24D1E3
:109910002800217DFBF7B4FE237D0640002B2AD1D1
:10992000300070BDA1882800FBF706FFA179064032
:109930002800FBF7A5FEA3790640002BE0D0A16824
:109940002800FCF7C9F8217B06402800FBF798FEA9
:10995000237BF6B20640002BDAD021692800FCF701
:10996000BBF8217D06402800FBF78AFE237DF6B276
:109970000640002BD4D021002800A2691C3106F03B
:1099800051F80640F6B2CBE7F0B5C646022200B564
:109990000D00060005F04CFFA97804003000FBF72D
:1099A0006FFEAB780440E4B2002B03D1200080BCF2
:1099B000B846F0BD290030000831FFF789FF2C239D
:1099C00098460700E95C3000FBF75AFE4346EB5C23
:1099D0000740FFB2002B14D138239846E95C3000D1
:1099E000FBF74EFE4346EB5C0740002B01D13C40A9
:1099F000DCE73000E96B06F03FF80740FFB23C407F
:109A0000D4E730002A6B6B6BFCF786FA0740E3E77C
:109A1000F0B5C646022200B50D00060005F008FFAD
:109A2000A97804003000FBF72BFEAB780440E4B2C9
:109A3000002B03D1200080BCB846F0BD29003000C7
:109A40000831FFF745FF2C2398460700E95C3000FA
:109A5000FBF716FE4346EB5C0740FFB2002B01D13B
:109A60003C40E7E730002A6B6B6BFCF755FA074088
:109A70003C40DFE7F8B505000E00FBF745FE071E8A
:109A800006D033780E2B04D8484A9B00D3589F4603
:109A900000273800F8BD2800311DFFF713FD07002F
:109AA000F7E72800311DFBF72FFE0028F0D03379AF
:109AB000012B01D0022BECD180222800B16892004A
:109AC00005F0E6FF0700E4E72800311DFBF71CFE68
:109AD000041E0ED03379022B54D0032B09D133004E
:109AE000802231002800083392000C3105F0ACFFD1
:109AF000040083239B0002222800F11805F000FFD8
:109B00000440E7B2C5E72800311DFBF7FDFD041E48
:109B10000DD03379022B03D0032B3BD0012B06D180
:109B200080222800B168920005F0B2FF0400832370
:109B30009B002800F118FCF713FB2040C7B2A8E7F0
:109B40000422311D280005F0DBFE31000400022252
:109B50000831280005F0D4FE310020400222C7B2AF
:109B60000A31280005F0CCFE310007400C312800F6
:109B7000FBF79CFD07408CE72800311DFFF758FBE1
:109B8000070086E780222800B168920005F080FF78
:109B90000400AEE733008022310028000833920031
:109BA0000C3105F051FF0400C1E7C046D04601105A
:109BB00070B5022206000D0005F0A2FEA91C0400EB
:109BC0000222300005F09CFE2040C0B270BDC046AD
:109BD000F8B5CE4647460D0080B509780400FBF77E
:109BE0007DFD002806D02B78062B15D00D2B19D023
:109BF000052B03D0C0BCB946B046F8BD0823E95ECA
:109C00002000FCF739FA2A696B6906002000FCF78E
:109C100083F93040C0B2EDE720000823E95EFCF78D
:109C20002BFAE7E70823E95E2000FCF725FAE9684C
:109C300080462000FBF750FFEA680300002A53D05B
:109C40002E000027103600281FD020003178FBF7A7
:109C500045FD002819D03378022B2DD017D8002BC2
:109C60001CD00422311D200005F0E2FD814631891F
:109C70002000FBF761FD4B461840C0B2EB6801378E
:109C80009F422DD218360028DFD10020B2E7032BE7
:109C900020D12000716805F0EFFEEFE70222311DB0
:109CA000200005F0C5FD8146B1792000FBF716FDC7
:109CB0004B461840C0B2E1E71022311D200005F0EC
:109CC000B7FD814671692000FBF706FF4B4618403F
:109CD000C0B2D3E7EB680137BB4201D91836B4E70D
:109CE00043460340D8B285E742461340D8B281E7E5
:109CF000F0B5C646022200B506000D0005F000FED4
:109D000002228046A91C300005F0FAFD291D04003E
:109D10003000FBF7F9FC691D07003000FBF7F4FC8D
:109D200043461C403C402040C0B280BCB846F0BD19
:109D3000F0B5C6460C0000B509780500FBF7CEFC6F
:109D4000617806002800FBF7C9FCA17806402800CE
:109D5000FBF796FCA378F6B20640002B0BD1280047
:109D6000217AFBF78DFC237A0640002B10D13000BE
:109D700080BCB846F0BD6168280005F07DFE217A00
:109D800006402800FBF77CFC237A0640002BEED02F
:109D900061892800FBF7D0FC8046A1892800FBF7E9
:109DA000CBFC434627001840F989C4B22800FBF7D2
:109DB000C3FC8046398A2800FBF7BEFC434634408A
:109DC00023401C0004402600D1E7C04610B5FFF731
:109DD000D1F910BDF8B5022206000C0005F028FDEF
:109DE000A11C07000222300005F022FD21790500A8
:109DF0003000FBF773FC002808D023793D40EDB21A
:109E00000E2B04D8384A9B00D3589F4600252800C3
:109E1000F8BD210030000831FFF7BEFA0540F6E733
:109E20003000217AFBF75AFC0028EFD0237A012B6F
:109E300001D0022BEBD13000E16805F01DFE05409A
:109E4000E5E73000217AFBF749FC071E0BD0237AA7
:109E5000022B3BD0032B06D121003000E2681031E9
:109E600005F0E0FD070084239B0002223000E1188A
:109E700005F0DEFC38400540C9E72100300008311C
:109E8000FFF778F90540C2E7210030000831FFF7FD
:109E900037FA0540BBE73000217AFBF71FFC071EAD
:109EA0000BD0237A022B03D0032B15D0012B04D126
:109EB0003000E16805F0E0FD070084239B003000DE
:109EC000E15EFCF7D9F838400540A0E73000E168D2
:109ED00005F0D2FD0700C6E721003000E26810312E
:109EE00005F0A0FD0700E8E70C47011070B502225D
:109EF00005000E0005F09CFCB11C022204002800A5
:109F000005F096FC716804402800FBF7E5FDE4B21B
:109F1000204070BD70B5022206000D0005F0F0FC77
:109F2000A91C02220400300005F0EAFC291D0440AF
:109F30003000FBF7E1FEE4B2204070BD70B50222B4
:109F400005000C0005F074FC02220600A11C28008C
:109F500005F06EFC3040C0B270BDC046F8B5CE46CC
:109F6000474680B506000D00FBF7CEFB691C804616
:109F70003000FBF7C9FB291D07000422300005F063
:109F8000BFFC2900040002223000083105F0B8FCB3
:109F9000290043468146022230000A311F4005F065
:109FA000AFFC290080460C313000FBF77FFB4B46AD
:109FB000FFB23C401C4043461C402040C0BCB94658
:109FC000B046F8BDF0B5C646022200B506000D0049
:109FD00005F096FC02228046A91C300005F090FC9A
:109FE000291D04003000FBF78FFB691D07003000BE
:109FF000FBF78AFB43461C403C402040C0B280BC7B
:10A00000B846F0BDF0B5C646022200B50F00060006
:10A0100005F00EFC02228046B91C300005F008FC59
:10A02000397904003000FBF759FB797905003000DD
:10A03000FBF754FB43461C402C400440397A300067
:10A04000FBF71EFB3B7A05008046E4B2002B11D1E2
:10A0500087239B009846F95C3000FBF711FB4346D1
:10A06000FB5C0540EDB2002B14D12000284080BCE1
:10A07000B846F0BD3000397BFBF730FB00250028E7
:10A08000E6D0390030000C31FFF7AEF943461840F6
:10A09000C5B2DDE788239B003000F918FFF798FD73
:10A0A0000540E2E770B5022206000D0005F0C0FB96
:10A0B000A91C02220400300005F0BAFB291D04404F
:10A0C0003000FFF735FEE4B2204070BD70B50222CB
:10A0D00005000C0005F0ACFB02220600A11C2800C4
:10A0E00005F0A6FB3040C0B270BDC04670B50E0092
:10A0F00009880500FBF720FBB11C022204002800A0
:10A1000005F096FB317904402800FBF7E7FAE4B24A
:10A11000204070BD70B506000C00FBF7F9FB022271
:10A12000A11C0500300005F0EBFB211D05403000AF
:10A13000FBF7EAFAEDB2284070BDC04670B50E00DC
:10A1400009880500FBF7F8FA718804002800FBF77E
:10A15000F3FA317904402800FBF7C0FAE4B220405A
:10A1600070BDC04670B506000C00FBF7D1FBA11C0A
:10A1700005003000FBF7CCFB211D05403000FBF74C
:10A18000C3FAEDB2284070BDF0B5C64600B5070071
:10A190000E00FCF7DDF8311D80463800FBF7ACFD02
:10A1A0003100050008313800FCF7D2F83100040016
:10A1B0000C313800FBF7A0FD434631001D4025401F
:10A1C000054010313800FCF7C3F83100ECB214310F
:10A1D00005003800FBF790FD2540284080BCB846BC
:10A1E000F0BDC046F8B5CE4647460E0080B50C22FD
:10A1F000050005F01DFB3100032281460C312800CB
:10A2000005F016FBF17B04002800FBF767FA3169C3
:10A2100080462800FCF714F8716907002800FBF756
:10A220005BFC4B461C4043461C403C402040C0B2B7
:10A23000C0BCB946B046F8BDF8B5CE4647460D009D
:10A2400080B50C22060005F05BFB29000322814645
:10A250000C31300005F054FB290004000F313000B0
:10A26000FBF752FA2900804610313000FCF770F8F5
:10A270002900070014313000FBF73EFD4B461C401F
:10A2800043461C403C402040C0B2C0BCB946B0462A
:10A29000F8BDC046002806D00068002802D08423FC
:10A2A0005B00C05870470020FCE7C046F0B5C646CA
:10A2B00000B504000E0015008AB0002820D0006808
:10A2C00000281DD084277F00C359002B18D00029F7
:10A2D00019D0002A17D011300521FF30F7F7C0FD43
:10A2E0002368286069602A00D859310004F014FC02
:10A2F00003000120002B08D00AB080BCB846F0BD96
:10A30000FA204000F8E70B20F6E705212A686B6881
:10A31000206800911130FF30F7F7C4FD8C222368CC
:10A32000520090469A58002A14D0D85905A903F033
:10A33000A7FF002810D1424623680021985806AB99
:10A3400002932A686B6800920193320000F098FF34
:10A350000028D1D10020CFE700F076F8CCE7C04646
:10A36000F0B5CE46474680B595B0040016000EA85D
:10A3700018220D0008F0C6FD002C47D02368002BE2
:10A3800044D0842252009858904600283ED0002E97
:10A390003FD000236A46D374002200230A920B9315
:10A3A0000C920D93132332006B440AA904F0D8FCDD
:10A3B000071E30D16B46DB7C002B2ED08C2223680D
:10A3C000520091469A58002A15D0424605A998583D
:10A3D00003F056FF002825D14A46236803219858E8
:10A3E00006AB0293129A139B00920193320000F085
:10A3F00047FF002814D1182228000EA908F082FD7A
:10A40000380015B0C0BCB946B046F0BDFA277F0091
:10A41000F1E70B27EFE70127EDE7F627FF37EAE73C
:10A420000700E8E700F010F80700E4E7002809D08B
:10A430000368002B06D0842252009858431E98418E
:10A44000C0B270470020FCE70A2804D004DD0B28C6
:10A4500001D0CB2804D170470028FCD00328FAD0C3
:10A460000120F8E7020010B5014B12CB12C210BD5B
:10A4700048470110002804D04068431E9841C0B2EC
:10A4800070470020FCE7C046F8B54546DE46574613
:10A490004E4600238046E0B543600068002854D053
:10A4A000002243689346994603699A464369002B04
:10A4B00007D0143000F0F8F98346002848D143460D
:10A4C0001868036B002B0BD0283004F021F900280A
:10A4D00004D05B46002B3ED0FAF7A4F94346186837
:10A4E000036A002B1FD0C1698269002937DD00246F
:10A4F000002501260027A000C058002820D0514682
:10A50000C8474346A4197D411B68D9699A691B6AEB
:10A51000A942F0DCA94201D1A242ECD81800514670
:10A52000C847434618685146C84742460023584624
:10A5300013605360F0BCBB46B246A946A046F8BDC6
:10A54000A4197D41A942D6DCE4E700239B46ECE751
:10A55000FAF768F9B3E7FFF777FF8346BCE700290E
:10A56000DCD1002AC3D1D9E7F0B557464E4645465F
:10A57000DE46E0B5A9B0050017001E0001910028D5
:10A5800015DD00230C1E04D107E001339D4200D1EC
:10A590009EE09A00A258002AF7D10B23994648461C
:10A5A00029B0F0BCBB46B246A946A046F0BD002982
:10A5B000F3D1002FF1D03B68002BEED023AA9046B8
:10A5C00013CB13C203CB03C24046FAF7FFF80028AF
:10A5D000E3D0002EE1D0642233689146002BDED117
:10A5E000434698211A690120DB689847814630600C
:10A5F000002800D1D3E004A803F078FB484604A962
:10A600007022283008F07EFC424633689C4613CA0C
:10A6100013C303CA03C361463800143100F06AF95A
:10A620008146002850D133689A465246EB17029370
:10A630009561D3611062002D55D0019B002B52D043
:10A64000434604211A692800DB689847534618627C
:10A6500033689A461B6A9B46002B33D0029B002B23
:10A6600000DCC2E000220023019CB2460397A14611
:10A6700016001F00019510E04B4602CB22009946C0
:10A68000002408F03FFC0123F6186741029BBB42FF
:10A6900020DD53461B681B6A9B464B46186808F032
:10A6A000A7FC4346B500441C196920001B68AB4455
:10A6B00098475B46186053461B681B6A5859002828
:10A6C000DAD156460A2399463000FFF7DDFE66E7E9
:10A6D00001946EE7BB4202D1019BB342D9D85646E2
:10A6E0003368039F9A4644490B685A1C013351D082
:10A6F000100000231400726052460C605469E3613C
:10A70000636AA06101335ED03025635D002B49D0C0
:10A7100034223968895C012B4FD027003437002957
:10A720005CD03425E36B605D002B09D1012807D094
:10A730004146380006F0BCF981460028C4D1605D6E
:10A7400006F0ACF9336822AA5B6921A9586D01F0C3
:10A750005FFB81460028B7D10122219B9146002B47
:10A76000B2D131684B691A00586D283200F0AEFC46
:10A7700081460028A8D1336819005869283118305B
:10A7800003F07AFE8146002800D108E7FFF75CFE5F
:10A79000814699E70124012000230122ABE70A2327
:10A7A0009946FCE62000303000F0F8F88146002899
:10A7B0008AD13268635D5469AAE70133A354002348
:10A7C0000220E363BCE72000243006F0DDF9814677
:10A7D000002800D078E733685C6995E7380006F018
:10A7E00015F9814600289CD06EE7002B00D07AE74F
:10A7F000002D00D036E776E7646100200020704726
:10A8000084B0F0B59FB025AE041E25917260B36090
:10A810003CD003686425002B05D028001FB0F0BC95
:10A8200008BC04B018473000F9F7D0FF00282DD03D
:10A8300019AD2B00320083CA83C303CA03C370203F
:10A840003169259B9847071E206021D002002B000C
:10A8500023CB23C203CB03C202A803F05FFA380064
:10A8600002A95822183008F04DFB6A4628AB206830
:10A8700022CB22C2183025997268B36803F02CFDF0
:10A88000051E07D134232268D054C6E70B25C4E740
:10A890000A25C2E731692068736898472800FFF7E6
:10A8A000D3FD0500B9E7C04670B5040086B00028A6
:10A8B00018D00368002B15D001AD2A0043CB43C24A
:10A8C00003CB03C22800F9F781FF00280AD02068D3
:10A8D000183003F09BFD061E08D1296920686B68BB
:10A8E000984700E00B26300006B070BDFFF7ACFDC6
:10A8F0000600F8E7F0B5C64600B504000D009CB0B0
:10A90000002843D00068002840D0F9F75FFF0028F6
:10A910003CD0002D3AD02B686426002B04D03000A8
:10A920001CB080BCB846F0BD236817AA1900904639
:10A93000C1C9C1C281C981C2702019691B68984709
:10A940000A26071E2860EAD00300464607CE07C342
:10A95000684606CE06C303F0E1F93800582269467E
:10A96000183008F0CFFA296820681831183003F041
:10A9700017FD061ED3D0F9F73BFFF9F753FF280068
:10A98000FFF792FF002803D00600C8E70B26C6E7B2
:10A990003000FFF759FD0600C1E7C046002310B59F
:10A9A00082B0041E01931AD00E4801A902F0C2FE23
:10A9B00003000120002B01D002B010BD019B002B31
:10A9C00002D01B78002B03D1002300202370F3E773
:10A9D000313B5A1E9341013300202370ECE70B20DA
:10A9E000EAE7C046343A0110020010B5014B12CB21
:10A9F00012C210BD50470110F0B54E4645465746AD
:10AA0000DE46E0B5A9B09846329D23AB040018009D
:10AA10000E009246994606F041FB002D00D1DAE087
:10AA20002800F9F7D3FE002800D1D4E0002E00D191
:10AA3000D1E05346002B00D1CDE0002C00D1CAE07C
:10AA4000636864279B46002B00D0C5E04346002B7B
:10AA500000D1C0E04046FFF70DFD002800D1C3E063
:10AA60005B460022300022A9229303F01FFB071E41
:10AA700000D0B1E02298002800D00BE153461B78AB
:10AA8000002B00D1F7E02F2B00D1AFE0534603930A
:10AA90008B4B029380231B0101932B690093286841
:10AAA0006968AA68EB6802F071FE82465346002B83
:10AAB00000D1EDE000230022504622A9229303F0AA
:10AAC000D7FA071E00D0A1E02298002800D09AE013
:10AAD000782101202A69EB689847071E606000D141
:10AAE000DCE008A800F05AF96822380008A908F04C
:10AAF00009FA434628006168236000F05DF9071EEB
:10AB000000D083E0504608F073FA504401380378CF
:10AB1000676804962F2B00D1C2E053460393694B1C
:10AB2000029380231B0101932B690093EB68286833
:10AB30006968AA6802F02AFE636878679B465B6FC3
:10AB4000002B00D1B0E0236852461868310028304D
:10AB500003F032FF5B4698666368986E9B46002858
:10AB600000D1A5E003F0D0FF061E00D1A5E02B68C0
:10AB700008202969676898476368F866DF6E9B4616
:10AB8000002F00D197E006AB9B46180006F0B8F9FD
:10AB90005B462A0003CB03C74B4683CA83C303CA61
:10ABA00003C36A466368DB6E9C4624AB83CB83C2D7
:10ABB0001B683100136060464246239B06F0F2F9A1
:10ABC000071E23D129696B680020984750462969E0
:10ABD0006B68984700E00B27380029B0F0BCBB46F3
:10ABE000B246A946A046F0BD6527F5E72B006A46A8
:10ABF0000C3303CB03C2504629686A68AB6802F085
:10AC0000E7FE824652E703F045FACA3763689B467F
:10AC1000002B24D0D86E002808D006F01BFA6368F9
:10AC20002969D86E6B68984763689B465B46986E47
:10AC3000002803D003F0D6FE63689B465B46296973
:10AC4000186F6B68984763682969586F6B689847F5
:10AC5000606800F0CDF8296960686B68984700204B
:10AC600029696B6898476B685046296998470023A3
:10AC700023606360B0E72B006A460C3382CB82C24C
:10AC8000114829686A68AB6802F0A2FE82460DE7A7
:10AC90000A27A1E703F05CFAC9379DE70A27DEE738
:10ACA00053460393094B3BE75B460A27D86EB2E74E
:10ACB0000127D86EAFE70A27B8E70127A6E7C04605
:10ACC000503A0110543A01104C3A01101C3901104D
:10ACD00010B5002809D04368002B06D09B6E002BCE
:10ACE00003D00068FFF7C6FB10BD0020FCE7C0469C
:10ACF000002807D04068002803D0806E002800D0CC
:10AD0000806870470020FCE7002807D040680028D2
:10AD100003D0806E002800D0C06870470020FCE798
:10AD2000002808D04068002804D0836E5A1E934142
:10AD30005B42184070470020FCE7C046002804D062
:10AD40004068002800D0806E70470020FCE7C046B5
:10AD5000002310B582B0041E01931AD00E4801A939
:10AD600002F0E8FC03000120002B01D002B010BD6E
:10AD700001990A781300313B312A04D05A425341D9
:10AD800000202370F2E74B7800205A425341237091
:10AD9000ECE70B20EAE7C0465C3A011010B504006E
:10ADA00053220021153007F0CBFB2000F9F704FDFA
:10ADB00001232000237510BD70B504000D0000288C
:10ADC00013D0002911D088420FD00100142228008E
:10ADD00008F098F828002100A38A5022AB8218308E
:10ADE000183108F08FF8002070BD0B20FCE7C0463A
:10ADF00030B5030087B000280CD001A8020032CB88
:10AE000032C212CB12C2F9F7E1FC002802D00020B6
:10AE100007B030BD0B20FBE782B0F0B54E46DE46F2
:10AE200057464546E0B591B01B931FAB1B78040015
:10AE30000E0099461A9200283BD0FFF771FF0028B8
:10AE40002BD02000FFF754FF0BAD07002000FFF7C9
:10AE50005BFF2B001AAA804613CA13C303CA03C39D
:10AE6000219B002B25D01B9B6C469A461E9B9B4624
:10AE700002F00CFE0DAB089007CB07C4002107942D
:10AE80000B9A6B6808A802F06BFE041E13D0F9F74A
:10AE9000AFFCF9F7C7FC0A2C00D00124200011B048
:10AEA000F0BCBB46B246A946A046F0BC08BC02B006
:10AEB00018470B24F2E7099008A806F01BF8041EB7
:10AEC00015D00A2800D00124002508A802F07EFE33
:10AED000002832D159460998D04759462800D04712
:10AEE0004B46002BDAD0672CD8D16824D6E709ABC3
:10AEF00005936B4607CD07C3079B300006CD06C3FD
:10AF00004246390008AB05F071FE0025041EDCD175
:10AF1000099D002209900AA9280002F0D9FF002803
:10AF200010D10A9B002B1ED1219B08A81D6002F0A6
:10AF30004DFE041E0CD10025CCE7F9F759FCF9F7BA
:10AF400071FCC7E7F9F754FC0134F9F76BFCBCE777
:10AF5000F9F74EFCF9F766FC59460998D04759466F
:10AF60000020D04799E76724AFE7C046F0B5C64652
:10AF7000150000B51E4B86B00835059314006B46CE
:10AF80002A008C46060083CA83C360466368226831
:10AF9000059902F0EDFB337807002F2B23D0230017
:10AFA0006A460C33701C42CB42C221686268A368B7
:10AFB00002F0E4FB6B46060007CD07C331002268B0
:10AFC0003800636802F0D4FB050021693000636833
:10AFD000984738002169636898472F00380006B009
:10AFE00080BCB846F0BD7378002BF7D0D7E7C046D9
:10AFF000B43A0110F0B5C64600B506000C0084B0A6
:10B0000000280DD00800F9F7E1FB002808D0002344
:10B0100003932C4B03A9180002F08CFB051E05D0EE
:10B020000025280004B080BCB846F0BD0398037822
:10B03000002BF5D00C239846A0446B46424682CAAA
:10B0400082C321686268A36802F0C2FC071EE7D0D1
:10B050001D4803A9039502F06DFB002809D00026C6
:10B060003000216963689847380021696368984710
:10B07000D7E703980378002B1CD06B46424642CAA0
:10B0800042C321686268A36802F0A2FC061EE6D0F3
:10B0900022003900FFF76AFF0500002DE0D02800EC
:10B0A00002F064FB0028DBD128002169636898471F
:10B0B0000025D5E7300022003900FFF757FF0026B2
:10B0C0000500EAE7C03A0110D83A01100023F0B5B4
:10B0D00083B006000F001A4801A91500019302F081
:10B0E00029FB041E02D0012003B0F0BD15490198D0
:10B0F00007F08CFD002818D10190002D18D01248BF
:10B1000001A902F017FB0028EDD11049019807F0C2
:10B110007DFD43425841390028703000FFF76AFF37
:10B12000002807D068600020DEE700202C70DBE7F5
:10B130000B20D9E72878013843425841D4E7C0466C
:10B14000783A01108C3A0110943A0110AC3A01108F
:10B15000002806D00068002802D084235B00C05875
:10B1600070470020FCE7C046F0B591B0070015001D
:10B170000AA818220C0007F0C5FE002F1FD03B685C
:10B18000002B1CD0842252009858002817D0002D84
:10B190002ED000236A46D37517332A006B4406A9C4
:10B1A00003F00AFD061E0DD00A2800D00126182241
:10B1B00020000AA907F0A6FE300011B0F0BD9626C7
:10B1C000B600F4E76B46DB7D002B13D086233A688C
:10B1D0005B00D0580028EAD00AAB029301210E9AF6
:10B1E0000F9B009201932A0000F04AF80600DEE768
:10B1F0000B26DCE7004EDAE75902000070B50400C8
:10B200000D00160084B0002814D00368002B11D064
:10B2100084225200985800280CD000291FD0002EFC
:10B220001DD0320003F032FD002807D0022803D0E1
:10B23000012001E09620800004B070BD86232268C2
:10B240005B00D358002BF7D002952869696932005A
:10B25000009001910221180000F012F8ECE70B2099
:10B26000EAE7C046002809D00368002B06D08422F4
:10B2700052009858431E9841C0B270470020FCE726
:10B28000F0B5CE46474680B504000E00150093B0D9
:10B29000002A12D01C9B002B0FD000280BD080233B
:10B2A000C358002B07D0C06800F0CEF9002802D0A8
:10B2B000237A002B08D1012500E00B25280013B0CC
:10B2C000C0BCB946B046F0BD03AB994623004A4620
:10B2D000603383CB83C203CB03C24846F9F776FAC7
:10B2E0000028EAD02068F8F70DFB002849D069460D
:10B2F000E06800F027FA00283FD108AB98462022EA
:10B300000021180007F01CF9009801994346254ACE
:10B310001E70002308F020F84346414658609A60AA
:10B320000BA81A9A1B9B0A624B6210221C9907F009
:10B33000E9FD237A013B5A1E93415B421D40012ED9
:10B3400022D88023E3582A009E69494600234046BC
:10B35000B0470600002EAED0310000222068F8F77A
:10B36000ABFA8023E358050049463000DB69984773
:10B37000002DA3D0F9F756FAA0E7F9F753FA012503
:10B380009CE796256D0099E7023E012EF5D88023B3
:10B39000E35800229E6949462B004046B04706000C
:10B3A000D8E7C04600CA9A3B014B18687047C046B0
:10B3B00058470110F0B54F464646D646C0B588B04E
:10B3C000109D0400894690461F00002D58D0502340
:10B3D0009A46AA445046F9F7F9F9002850D0002CB3
:10B3E0004ED04846FFF774FC002851D04346002B4E
:10B3F00046D0002F44D023686426002B41D104930B
:10B400000393079307AA2B0005926A46583343CB50
:10B4100043C25346390048462A6D5B68FFF7FCFC7F
:10B42000002864D1D02101202A6EEB6D984720605E
:10B43000002863D04846FFF781FC2B006433266860
:10B4400041460093079A2B0003F03EFDC823F050BD
:10B450002668F05800282ED03100783103F046FEDF
:10B46000061E17D148232068EA5C7833C2542900AD
:10B47000782207F047FD296E07986B6D984700E02A
:10B480000B26300008B0E0BCBA46B146A846F0BD75
:10B49000C826F6E72668002E27D0C827F359002BC8
:10B4A00009D04846FFF74AFC2368D95903F02EFE1D
:10B4B0002668301E14D0370050373800F9F786F967
:10B4C00000280CD0F06E002809D0390002F04EFCA4
:10B4D000071E17D1316EF06E736D9847F7662068BE
:10B4E0006B6D296E9847002323600126C3E7030094
:10B4F0000222673B934303D00A28F6D10A26BAE713
:10B500006726B8E7FEF7A0FF2068E9E770B5114DA0
:10B510008AB050221049060004AC280007F0F2FC63
:10B520002000F9F749F92B00503307CC07C306CCAC
:10B5300006C36C46200002F033FC2B00643307CCBA
:10B5400007C378222900300007F0DCFC30000AB085
:10B5500070BDC046985A002060470110F0B5040045
:10B560000F0015001E00A1B000282BD00268002A91
:10B5700028D0C823D358002B24D0002925D0002D53
:10B5800025D002A802F09CFC382202A9280007F06E
:10B59000B9FC47216A460023521813702268C83349
:10B5A000D05847222B00390000966A4403F034FE3D
:10B5B00000280ED16B4647229B181B78002B0BD01E
:10B5C00021B0F0BDC8204000FAE70B20F8E712AD2B
:10B5D000D7E7FEF739FFF3E79220FF30F0E7C046E8
:10B5E000002805D00068002801D0C823C058704743
:10B5F0000020FCE7002808D00368002B05D0C822F3
:10B600009858431E9841C0B270470020FCE7C046DE
:10B6100010B50800F9F722F910BDC04610B50800B2
:10B62000F9F748F910BDC04610B5037A0C00002B9D
:10B6300006D00521F6F714FC20606160002010BDE3
:10B640000800F9F70BF9FAE7002807D00378002B78
:10B6500004D0C068431E9841C0B270470020FCE788
:10B66000F8B5060010000D001400F9F7AFF8002837
:10B670003CD0022E4AD024D8002E39D0002D35D00F
:10B68000002C33D000262B0022002E706E60AE609E
:10B69000EE602E61143383CA83C303CA03C3102030
:10B6A0002169236898472861002842D0002300229E
:10B6B00002604360204B0672EB60012300202B7078
:10B6C00015E0032E12D1002D10D0002C0ED0002337
:10B6D0006B60AB602B612B00143307CC07C306CC27
:10B6E00006C3164B0020EB602E7000E00B20F8BD67
:10B6F000002DFBD02E706E60AE60EE602E611435B2
:10B700000ECC0EC500200CCC0CC5F0E7002DEDD002
:10B71000002CEBD000236B60AB602B612B0014334B
:10B7200007CC07C306CC06C3054B0020EB602E7088
:10B73000DDE70A20DBE7C04629B600101DB6001081
:10B7400011B60010030010B500280BD0002909D055
:10B7500002780120002A04D0DA68002A01D0186992
:10B76000904710BD0B20FCE7031E0CD000290AD027
:10B7700002780120012A05D11B69002B02D000208C
:10B780001B7A0B7070470B20FCE7C04682B0F8B5FF
:10B790000C9D041E0692079324D01430F9F716F876
:10B7A00000281FD0002D1DD0099B002B1ADB0B9BFE
:10B7B000002B17DC13D0A6686068002E35D003007C
:10B7C000002203E001322833964210D01968A942C2
:10B7D000F8D1196A0D9FB942F4D1012003E00A9B08
:10B7E000002BE8D00B20F8BC08BC02B0184701368B
:10B7F000B1008919C900626AE3699847002812D02C
:10B80000A7686060BB00DB19DB00C6183000182297
:10B810003560083006A907F075FB0D9B01373362D0
:10B820000020A760DFE70A20DDE72821E3E7C04624
:10B83000F8B5CE46474605000E00914680B5002873
:10B8400039D01430F8F7C2FF002834D0002E32D09F
:10B85000AF68002F0ED06B68BC0098461800E41942
:10B86000E40044442838283C836AB34204D028309A
:10B870008442F9D101201FE0836C2830844225D016
:10B880004B45F1D1060028362822310007F03AFB5B
:10B890003000A642F6D1013F6A6AAF60002F0FD098
:10B8A000BB00DB194046EC69D900A047002815D041
:10B8B0006860002000E00B20C0BCB946B046F8BD6F
:10B8C00040461100AB6998470020F1E74B45D1D1C4
:10B8D000013F6A6AAF60002FE2D1F1E70A30EBE77F
:10B8E000F0B557464E46DE464546E0B50600170021
:10B8F00087B000290AD00378023B012B3FD907B05B
:10B90000F0BCBB46B246A946A046F0BD136804A9E8
:10B910001868FFF717FF0028F1D13868052120309B
:10B92000F6F79EFA83463868894628300521F6F7EF
:10B9300097FA82463868884618300521F6F790FA5B
:10B9400033780400023B0D00012B35D9049A059B86
:10B9500098455EDD994502DCD1D19345CFD91219C6
:10B960006B410524386800942830F6F789FA049A68
:10B97000059B386800942030F6F782FABFE7136819
:10B9800004A91868FFF7DEFE0028B8D1049B059AC9
:10B990001343B4D0386805212830F6F761FA049CC7
:10B9A000059D02000B0005213868121BAB413030A9
:10B9B0000091F6F765FAA2E7049B059A13439ED01F
:10B9C000052638680022002330300096F6F76AFA20
:10B9D00003910290029A039B1100194300D18EE754
:10B9E00002980399049A059B121A8B413868121920
:10B9F0006B4128300096F6F743FA02980399049AAF
:10BA0000059B121A8B41386800962030F6F738FAF9
:10BA100075E7984501D192459CD83868083005F003
:10BA200055FB6CE7014B18687047C046B0470110E2
:10BA3000F0B54F46D6464646C0B5AEB03EAB1B78D5
:10BA400039AF040038008A4690469946F8F7BEFEA2
:10BA5000002869D0002C67D05346002B64D0379B58
:10BA6000002B61DB23686426002B06D030002EB04B
:10BA7000E0BCBA46B146A846F0BD504608A9FFF75B
:10BA800061FE061EF2D153461693434606AE3000C1
:10BA9000179305F035FA18AB06CE06C30BA805F0D0
:10BAA000FDFA6A460DAB43CB43C241460B9A0C9B51
:10BAB00018A805F02DFA061ED8D1169B1B78012B6D
:10BAC00034D036983799389B1A93369A379B1C9204
:10BAD0001D930022002322922393089A099B1E9211
:10BAE0001F9312184B412092219301234A4658205C
:10BAF0005A4069461300382209188B543A0025AB86
:10BB000023CA23C303CA03C3002360202A932B93B1
:10BB10002C933969399B98472060002829D06022EE
:10BB200016A907F0EFF9A1E70B269FE710AA9046A8
:10BB300013704146012200238A60CB6001225242E9
:10BB4000D3170A614B61104B113212A96846049356
:10BB5000059407F0D7F943465046109A5B68FFF703
:10BB600015FE80460028ACD018A805F073FA4646AA
:10BB70007CE718A805F06EFA220050460249FFF74C
:10BB800057FE0A2672E7C046E1B80010002808D028
:10BB9000002906D00368002B05D000201B680B602D
:10BBA00070470B20FCE7C8208000F9E7F0B5C646D7
:10BBB00000B504008AB0002860D00368002B5FD075
:10BBC000BFF35B8F38229B5CBFF35B8F002B51D19F
:10BBD000036808A91868FFF7B5FD051E45D1099B44
:10BBE000089A002B48DB0521206800912030F6F7E9
:10BBF00059F9049005912368BFF35B8F1B69BFF36C
:10BC00005B8F2068052128309846F6F729F9060051
:10BC100020680F0018300521F6F722F902900391F1
:10BC2000029A039BB6185F41089A099B06920793F4
:10BC30009F4207DC3CD0029A039B1100194322D19A
:10BC4000069E079F052320683200009328303B00A2
:10BC5000F6F716F94346002B07D004980599089A81
:10BC6000099B121A8B412000C04728000AB080BCF3
:10BC7000B846F0BD104DF8E70125F6E70B25F4E7CF
:10BC8000C825AD00F1E7029A039B06980799801B2F
:10BC9000B94107F061FB02000B0001200021801870
:10BCA0005941029A039B07F05FFB36184F41C9E7E1
:10BCB0009642C7D8BFE7C0462103000030B5040054
:10BCC0000D0083B000282DD00368002B2DD0002953
:10BCD00028D0BFF35B8F38229B5CBFF35B8F002BB8
:10BCE00009D1036869461868FFF72CFD002806D0C3
:10BCF0000F4B984217D1002300202B7013E02068CF
:10BD000005212830F6F7ACF8009A019B801A99417A
:10BD100001225242D31712184B410B43DB0F002074
:10BD20002B7000E00B2003B030BDC8208000FAE784
:10BD30002103000010B50C00002817D00368002B69
:10BD400016D0002912D0BFF35B8F38229B5CBFF363
:10BD50005B8F002B08D1006805212830F6F780F8AA
:10BD600020606160002010BD0348FCE70B20FAE76B
:10BD7000C8208000F7E7C04621030000002807D054
:10BD80000068002803D0C368002B01D0083070473A
:10BD90000020FCE770B50D0014001E00C2B00028A2
:10BDA00016D0002A14D06A4601AB02F01DF9002813
:10BDB0001ED10099002903D10023236042B070BD39
:10BDC00007290DD0062916D80F4A8B00D3589F4655
:10BDD0000B20F3E72160002EF0D0019B3360EDE7EC
:10BDE000FF2DE9D92160002EE8D0FE233360E5E77E
:10BDF000FEF72AFBE2E70B008021044A490002A873
:10BE000001F0B6FD0120D9E7B4470110F83A01105E
:10BE100070B504000D001600002808D007F0E8F8FF
:10BE2000330001002A002000FFF7B4FF70BD0B2093
:10BE3000FCE7C04610B504003422024907F062F85E
:10BE4000200010BDD0470110002804D0006B431E15
:10BE50009841C0B270470020FCE7C046F8B5CE4616
:10BE60004746050080B5002800D1A6E0036B002BF3
:10BE700000D1A0E0D86B03F0E7FB061E00D097E0EE
:10BE80002C6B002C00D18EE00027E36C28689846CC
:10BE9000A36D6F6099462760002803D01900C04742
:10BEA0002C6B2F60A068002805D04946C0470023AE
:10BEB0002C6BA3606360A36DA86898460023E76CB1
:10BEC0009946EB60E360002807D04146B8474B46EF
:10BED0002C6BAB60A36DE76C9846002360699946B4
:10BEE0002361002807D04146B8474B4663612C6B5D
:10BEF000A36DE76C9846002328696B61994623641B
:10BF0000002807D04146B8474B462C6B2B61A36DE8
:10BF1000E76C98460023A869EB619946A361002865
:10BF200004D04146B8474B462C6BAB61206A0028D1
:10BF300005D04146B84700232C6B2362E3610027FC
:10BF4000E36C286A9846A36D6F6299466762002881
:10BF500003D01900C0472C6B2F62E06A002805D07F
:10BF60004946C04700232C6BE362A3620027E36CC1
:10BF7000A86A9846A36DEF6299462763002803D00C
:10BF80001900C0472C6BAF62A06B002805D0494652
:10BF9000C04700232C6BA3636363E36C2000A16D97
:10BFA000984700232B633000C0BCB946B046F8BDAB
:10BFB000E126B60064E70026F5E70B26F3E7C04666
:10BFC00070B504000800002C20D0236B002B21D07A
:10BFD00000291BD019686568A94219D24D1C1D6043
:10BFE00023688D005851002A00D01160FFF7F8FA3D
:10BFF000002809D042680020236B9B685A51226BAD
:10C0000053680133536070BD0120FCE70B20FAE751
:10C010000248F8E7E1208000F5E7C046860300000B
:10C0200010B5041E00D17EE0036B002B00D17CE034
:10C030000068002807D062680021920006F080FAAC
:10C040000022236B1A60A068002807D0E268002154
:10C05000920006F075FA0022236BDA60A0690028CE
:10C0600007D0E2690021920006F06AFA0022236BF1
:10C070009A61206A002807D0626A0021920006F0C7
:10C080005FFA0022236B5A62A06A002807D0E26A96
:10C090000021920006F054FA0022236B1A632069F3
:10C0A000002807D062690021920006F049FA0022B8
:10C0B000236B1A649868002807D05A680021920000
:10C0C00006F03EFA0022236B5A605869002807D018
:10C0D0001A690021920006F033FA0022236B1A61DC
:10C0E000186A002807D0DA690021920006F028FAC1
:10C0F0000022236BDA61D86A002807D09A6A0021EF
:10C10000920006F01DFA0022236B9A62986B0028B9
:10C1100007D05A6B0021920006F012FA0022236B1E
:10C120005A63002010BD0B20FCE7E1208000F9E7F6
:10C13000F0B5454657464E46DE46E0B58846050012
:10C1400016001F0083B0002800D18CE1046B002C86
:10C1500000D18AE1226DE36C9346A26D0193924671
:10C1600000224260914600682260002900D1C3E0AD
:10C170008C0052462100D8472860002800D1FDE0FD
:10C180002200002106F0DCF943466B602B6B4A4627
:10C1900098465A60986852462100D84743469860AE
:10C1A0002B6B9B689846002B00D1E0E02200002119
:10C1B000180006F0C5F92C6B236DE26C9946A36D4F
:10C1C000A86898460023EB60E360002E00D0A6E04C
:10C1D000002805D0414690472C6BAE60A36D984671
:10C1E0000023F61960692361002E00D0ADE000281D
:10C1F00006D0E36C4146984766612C6BA36D984668
:10C20000E36C28699A46236D994600236B61236489
:10C21000002F00D0BAE0002809D04146D0472C6B4F
:10C220002F61E36C9A46236D9946A36D98460026CC
:10C230000C9BEE61A869A661002B00D0C1E000282C
:10C2400004D04146D0470C9B2C6BAB61206A002880
:10C2500005D04146D04700232C6B2362E3610026C2
:10C26000E36CA76D9946236D286A98460D9B6E6214
:10C270006662002B00D1C3E09C003A002100C04759
:10C28000286200287AD02200002106F059F90D9B7F
:10C290003A006B622B6B21009A469E62D86AC047B7
:10C2A0005346D8622B6BDE6A002E00D1F7E02200E5
:10C2B0000021300006F044F92C6B0026E36CA76DDA
:10C2C0009946236DA86A98460E9BEE622663002B62
:10C2D00000D0A7E0002804D03900C8470E9B2C6B83
:10C2E000AB62A06B002805D03900C84700222B6B39
:10C2F0009A635A63002042E0002804D051469847D0
:10C3000043462C6B2B60A068002800D154E7019BAA
:10C310005146984700232C6BA36063604CE7B40040
:10C3200042462100C847A860002827D022000021EB
:10C3300006F006F92C6BEE60A36DF6199846002303
:10C3400060692361002E00D151E7B60042463100FA
:10C35000236D984780466061002800D188E0320054
:10C36000002106F0EDF82C6BA36D984648E7019B81
:10C3700051462868984743462B606B600A2003B0FB
:10C38000F0BCBB46B246A946A046F0BDBC00424642
:10C390002100C84728610028F0D000262200002193
:10C3A00006F0CEF82C6B6F61E36CA8699A46236D9A
:10C3B0009946A36DEE6198460C9BA661002B00D1B7
:10C3C0003DE79C0042462100C847A8610028D5D01F
:10C3D0002200002106F0B4F82F6B0C9B4246EB6163
:10C3E0002100FE61386AC8472B6B38621E6A002E36
:10C3F0004FD022000021300006F0A2F82C6B2EE76F
:10C40000002804D03900C8470D9B2C6B2B62E06AD2
:10C41000002800D151E73900C84700232C6BE362A4
:10C42000A3624AE79C003A002100C047A8620028A6
:10C43000A4D02200002106F083F80E9B3A00EB62A4
:10C440002B6B21009A465E63986BC04753469863F6
:10C450002B6B9E6B002E28D022000021300006F0AE
:10C460006FF800208BE70B2089E7E120800086E74A
:10C470002B6BA868996DDB6C98474346EB60AB600B
:10C480002B6B2869996DDB6C984743466B612B6178
:10C4900074E74146A869D047AE61EE616EE73900A6
:10C4A000286AC8472E626E6268E73900A86AC847E2
:10C4B000AE62EE6262E7C046F0B54F464646D646EB
:10C4C000C0B584B010AF0400380089461600984605
:10C4D000F8F77CF900286CD0002C6AD06423256B17
:10C4E0009A46002D06D0504604B0E0BCBA46B1468C
:10C4F000A846F0BD0F9B002B5BD01800FDF7BAFFDC
:10C50000002859D05C201499109B9847206300287C
:10C510005FD000215C2206F013F8236B0F9A9D6018
:10C520005A645D605D611D611D62DD61DD629D6259
:10C530009D635D639A46483307CF07C306CF06C3A2
:10C540000E9A0D9B94460C9A634499184B46891990
:10C550005B00C9180F9B1868283003F069F8534630
:10C56000D863236BD86B002829D00E9B320002932E
:10C570000D9B494601930C9B200000934346FFF717
:10C58000D7FD82460028AED0236B002B24D1002596
:10C590000023002200212000029501950095FFF75D
:10C5A000C7FD206B00289ED0816DC36C9847256322
:10C5B00099E70B239A4696E765239A4693E701236A
:10C5C0009A4603F041F80028E1D0E1239B009A4607
:10C5D000DDE70A239A4686E7D86BF2E770B50400D8
:10C5E0000800002C20D0236B002B21D000291BD069
:10C5F000D968E568A94219D24D1CDD60A3688D0099
:10C600005851002A00D0116004F06EFD002809D0B6
:10C6100042680020236B5B695A51226B1369013316
:10C62000136170BD0120FCE70B20FAE70248F8E730
:10C63000E1208000F5E7C0468603000070B50400E5
:10C640000800002C24D0236B002B25D000291FD0FC
:10C65000196C6569A9421DD24D1C1D6423698D00AA
:10C66000E850002A00D01160FFF788FB00280DD0A9
:10C67000226BE368156C013B5D1904F035FD002861
:10C680000DD0236B41685A69AD00A950002070BDE0
:10C690000B20FCE70348FAE7E1208000F7E70120E0
:10C6A000F5E7C0468603000070B504000800002CC2
:10C6B00020D0236B002B21D000291BD09969E5697C
:10C6C000A94219D24D1C9D61A3698D005851002AC1
:10C6D00000D01160FDF7DEFD002809D0426800207F
:10C6E000236B1B6A5A51226BD3690133D36170BD2E
:10C6F0000120FCE70B20FAE70248F8E7E120800080
:10C70000F5E7C0468603000070B504000800002C61
:10C7100020D0236B002B21D000291BD0596A656AD9
:10C72000A94219D24D1C5D62236A8D005851002A1E
:10C7300000D01160FEF70CFD002809D042680020EF
:10C74000236BDB6A5A51226B936A0133936270BD8B
:10C750000120FCE70B20FAE70248F8E7E12080001F
:10C76000F5E7C04686030000F0B557464E46DE4664
:10C770004546E0B504009246994699B0002800D19C
:10C78000DCE1076B002F00D17EE14368002B00D174
:10C79000A0E000213D6C002200238846002D00D13E
:10C7A000B4E0266991008E59002E11D0E6687969AF
:10C7B000B618B60076588C46002E09D03D69A900FF
:10C7C0008B4661465846013546503D61276B3D6CAE
:10C7D0000120002112184B41984501D19542E0D823
:10C7E0000CAB102200211800059305F0A9FE10AB38
:10C7F000012219009B46A64B52428A60CB600A6117
:10C800004B618A61CB6153464A46134300D195E0A0
:10C81000002D00D143E12A0000275D462CE023696A
:10C8200001219B4A494208910992985908A9FFF7AA
:10C8300081FA984B984200D1B8E000285FD1079860
:10C84000089B02789B46D300EE18B046099976689B
:10C850008E4204DC0AD1464636685E4506D9059EFE
:10C86000920090515A46EB181A605960236B1A6C6B
:10C870000137974200D311E12369BE00985900287F
:10C88000F6D007A9FFF782F9031E00D045E107980B
:10C890000278012AC3D102AA9446D37413236344B5
:10C8A0001900FEF761FF021E00D036E102A92369DC
:10C8B000C97C98590029B3D008AE31003270FFF717
:10C8C000FDF9002800D028E13378002BCED03500C8
:10C8D000276B34E0C368002B00D05AE74369002B74
:10C8E00000D056E7C369002B00D052E7436A002B03
:10C8F00000D04EE7C36A002B00D04AE7664819B063
:10C90000F0BCBB46B246A946A046F0BD0CAB102217
:10C9100000211800059305F013FE10AB9B46012281
:10C9200059465B4B52428A60CB600A614B618A6117
:10C93000CB6153464A46134300D0B0E008AD002215
:10C94000002308920993AA60EB603B003A0039008B
:10C950000295FD6B381D34371C3310312832019598
:10C96000009702F0ADFC236B8246196C002921D0A0
:10C97000002200259146904607AE06E02269D35179
:10C98000236B196C01358D4216D22269AF00D05944
:10C990000028F7D0434631003370FFF78FF90028A5
:10C9A000ADD13378002BE9D09946E9E7002223691D
:10C9B0009A515BE70022914602225046904300D0F4
:10C9C000ABE066680022002E03D10CE001329642F3
:10C9D00009D09D6891006D58002DF7D1276801326C
:10C9E0007D509642F5D1E6680022002E03D10CE07E
:10C9F0000132B24209D05D6991006D58002DF7D126
:10CA0000A76801327D50B242F5D1E6690022002EBE
:10CA100003D10CE00132964209D01D6A91006D5895
:10CA2000002DF7D1A76901327D509642F5D1666A93
:10CA30000022002E03D10CE00132B24209D0DD6A9F
:10CA400091006D58002DF7D1276A01327D50B24216
:10CA5000F5D1E66A0022002E03D10CE00132B24289
:10CA600009D09D6B91006D58002DF7D1A76A013256
:10CA70007D50B242F5D15346022B00D03FE701234F
:10CA80004A465A4050003AE7E120800037E7C04666
:10CA9000FFFFFF7F2103000085030000AB464B46EC
:10CAA000002B3CDD012398464B465D46A1461C0009
:10CAB000059E16AF7068002814D008A9FEF742FE44
:10CAC000002800D01BE7AA68EB6808980999121A99
:10CAD0008B41A3422FDC01D152452CD8012188463D
:10CAE00092461C0008350436BD42E3D1230050466F
:10CAF0004C46191E01DA0020002143460025276B11
:10CB0000002B00D121E700230D4A06F025FC08ADDB
:10CB1000089009910A920B9317E70120EFE6002B8A
:10CB200002D15346002BBDD100239846013B9A46C3
:10CB3000044B9946B8E752462300D1E70B20DEE6C6
:10CB400000CA9A3BFFFFFF7F70B504000D0016007E
:10CB5000002838D00068002835D0FDF767FC002891
:10CB60002FD020680430FDF761FC002829D0206810
:10CB70000830FDF75BFC002823D020680C30FEF75E
:10CB800039FD00281DD020681030FEF733FD002845
:10CB900017D0002D19D0002E17D0320029002068A0
:10CBA000FDF7DEFB00280FD00A280DD0F638FF383D
:10CBB000431E9841064B40421840064B9C46604439
:10CBC00002E0F7F72FFE044870BD0B20FCE7C046DB
:10CBD000CAF7FFFF370800003608000070B50400F0
:10CBE0000E00150000282DD0006800282AD0FDF77F
:10CBF0001DFC002824D020680430FDF717FC002815
:10CC00001ED020680830FDF711FC002818D02068DD
:10CC10000C30FEF7EFFC002812D020681030FEF731
:10CC2000E9FC00280CD0002E0ED0002D0CD020687E
:10CC30002A0031000830FDF739FB431E984102E01D
:10CC4000F7F7F0FD014870BD0B20FCE73608000047
:10CC500070B504000E001500002839D000680028C7
:10CC600036D0FDF7E3FB002830D020680430FDF714
:10CC7000DDFB00282AD020680830FDF7D7FB00280C
:10CC800024D020680C30FEF7B5FC00281ED02068A8
:10CC90001030FEF7AFFC002818D0002E1AD0002D5F
:10CCA00018D020682A0031000830FDF759FB002811
:10CCB0000FD00A280DD0F638FF38431E9841064B96
:10CCC00040421840054B9C46604402E0F7F7AAFD3D
:10CCD000034870BD0B20FCE7CAF7FFFF37080000D0
:10CCE0003608000070B504000E001500002839D089
:10CCF0000068002836D0FDF799FB002830D0206866
:10CD00000430FDF793FB00282AD020680830FDF797
:10CD10008DFB002824D020680C30FEF76BFC002827
:10CD20001ED020681030FEF765FC002818D0002EB9
:10CD30001AD0002D18D020682A0031000430FDF7E9
:10CD40000FFB00280FD00A280DD0F638FF38431EFD
:10CD50009841064B40421840054B9C46604402E017
:10CD6000F7F760FD034870BD0B20FCE7CAF7FFFF33
:10CD7000370800003608000030B504000D008FB001
:10CD8000002833D00068002830D0FDF74FFB002882
:10CD90002AD020680430FDF749FB002824D0206801
:10CDA0000830FDF743FB00281ED020680C30FEF74A
:10CDB00021FC002818D020681030FEF71BFC00284A
:10CDC00012D0002D15D0206800236A4629000C30AF
:10CDD000FEF7C4FB00280AD09223FF3398420AD002
:10CDE0000A2804D0012002E0F7F71CFD03480FB029
:10CDF00030BD0B20FBE70248F9E7C04636080000CB
:10CE000037080000F8B505000C0017001E000028C8
:10CE100064D0002960D0086800285DD0FDF706FBCB
:10CE2000002857D020680430FDF700FB002851D0BF
:10CE300020680830FDF7FAFA00284BD020680C3043
:10CE4000FEF7D8FB002845D020681030FEF7D2FB53
:10CE500000283FD0216828000A00C532FF32FFF7C2
:10CE600023FC002839D1216828000A00C932FF328A
:10CE70000431FFF719FC00282FD1216828000A008F
:10CE8000CD32FF320831FFF70FFC002825D1216891
:10CE900028000A00D132FF320C31FFF791F8002848
:10CEA0001BD1216828000A00D532FF321031FFF76C
:10CEB00087F8002811D1002F04D0E22322685B00FC
:10CEC000D3583B60002E08D0E82322685B00D3587B
:10CED000336002E0F7F7A6FC0248F8BDE1208000CD
:10CEE000FBE7C04636080000F0B54F464646D6463A
:10CEF0000C00C0B51D0007001600002800D18AE014
:10CF000000297ED0086800287BD0FDF78FFA002822
:10CF100075D020680430FDF789FA00286FD02068AA
:10CF20000830FDF783FA002869D020680C30FEF73E
:10CF300061FB002863D020681030FEF75BFB0028FF
:10CF40005DD0002E65D0002D63D0089B002B60D0F3
:10CF5000099B002B5DD00A9B002B5AD0E822236846
:10CF6000520099587A688A4251D9EA2040001858EC
:10CF700082424CD9E22252009A589246FA695245AE
:10CF800045D9E42464001C59A446A2423FD9E624B2
:10CF900064001C59A046A24239D93A6880008058E2
:10CFA000BF6981465046840060468000C059E459FC
:10CFB000844640468000C0591F0089008A580C37BB
:10CFC000D21B51424A4132701A00494610328A1A25
:10CFD00051424A411C1B2A70624254416146089AE0
:10CFE00014701A1D8A1A51424A4108330999C31A0A
:10CFF0000A705A4253410A9A0020137002E0F7F770
:10D0000011FC0648E0BCBA46B146A846F0BD012076
:10D01000F8E70B20F6E7E1208000F3E73608000090
:10D0200070B504000D001600002839D000680028F3
:10D0300036D0FEF717F9002830D020680430FEF70C
:10D0400011F900282AD020680830FEF70BF90028D3
:10D0500024D020680C30F6F755FC00281ED020683C
:10D060001030F6F74FFC002818D0002D1AD0002EF3
:10D0700018D0320029002068FEF776F8002810D07A
:10D080000A280ED0084B9C466044431E9841074B2B
:10D0900040421840064B9C46604402E0F7F7C2FB52
:10D0A000044870BD0B20FCE7A7FDFFFF68F7FFFFFA
:10D0B000990800009808000070B504000D001600E3
:10D0C00000282FD0006800282CD0FEF7CBF80028CD
:10D0D00026D020680430FEF7C5F8002820D020684C
:10D0E0000830FEF7BFF800281AD020680C30F6F799
:10D0F00009FC002814D020681030F6F703FC002843
:10D100000ED0002D10D0002E0ED032002900206845
:10D11000FEF774F8002806D0022804D0012002E0AF
:10D12000F7F780FB014870BD0B20FCE79808000072
:10D1300070B504000E00150000283AD000680028E1
:10D1400037D0FEF78FF8002831D020680430FEF782
:10D1500089F800282BD020680830FEF783F80028D3
:10D1600025D020680C30F6F7CDFB00281FD02068B2
:10D170001030F6F7C7FB002819D0002E1BD0002D69
:10D1800019D020682A0031000830FDF7EDFF002893
:10D1900010D00A280ED0094B9C466044431E98418B
:10D1A000074B40421840074B9C46604402E0F7F7AB
:10D1B00039FB054870BD0B20FCE7C046A7FDFFFF0B
:10D1C00068F7FFFF990800009808000070B5040098
:10D1D0000E00150000283AD00068002837D0FEF76E
:10D1E00041F8002831D020680430FEF73BF80028D1
:10D1F0002BD020680830FEF735F8002825D02068AD
:10D200000C30F6F77FFB00281FD020681030F6F7AF
:10D2100079FB002819D0002E1BD0002D19D02068D2
:10D220002A0031000430FDF79FFF002810D00A28A3
:10D230000ED0094B9C466044431E9841074B404228
:10D240001840074B9C46604402E0F7F7EBFA0548AC
:10D2500070BD0B20FCE7C046A7FDFFFF68F7FFFF8E
:10D26000990800009808000070B504000E00150031
:10D27000002830D0006800282DD0FDF7F3FF0028EB
:10D2800027D020680430FDF7EDFF002821D020686A
:10D290000830FDF7E7FF00281BD020680C30F6F7B8
:10D2A00031FB002815D020681030F6F72BFB002842
:10D2B0000FD0002E11D0002D0FD020682A00310091
:10D2C0000430FDF79BFF002806D0022804D001207F
:10D2D00002E0F7F7A7FA024870BD0B20FCE7C04652
:10D2E0009808000070B505000C001600002851D009
:10D2F00000290CD00868002809D0FDF7B3FF0028EA
:10D3000005D020680430FDF7ADFF002801D1234887
:10D3100070BD20680830FDF7A5FF0028F7D0206811
:10D320000C30F6F707FB0028F1D020681030F6F734
:10D3300001FB0028EBD0216828000A00DD32FF3213
:10D34000FFF7E2F90028E3D1216828000A00E13262
:10D35000FF320431FFF7D8F90028D9D1216828001D
:10D360000A00E532FF320831FFF7CEF90028CFD1AD
:10D37000216828000A00E932FF321431FFF75EF914
:10D380000028C5D1002EC3D0EE2322685B00D358FD
:10D390003360BDE7E1208000BAE7C046980800008E
:10D3A000F8B505000C0017001E0000285BD000290E
:10D3B0000CD00868002809D0FDF754FF002805D0DC
:10D3C00020680430FDF74EFF002801D12848F8BD41
:10D3D00020680830FDF746FF0028F7D020680C30A1
:10D3E000F6F7A8FA0028F1D020681030F6F7A2FA74
:10D3F0000028EBD0002F39D0002E37D0069B002B11
:10D4000034D0079B002B31D02368F022F424520043
:10D4100064009A581C59286A2D699200A40011587A
:10D420006459F222EE2552006D009A585D5992001F
:10D43000AD0012582858C01A454268413870181D6E
:10D44000091A48424141317019000831521A5142BB
:10D450004A4114330699E31A0A705A425341079A13
:10D4600000201370B3E7E1208000B0E70B20AEE7A7
:10D47000980800000220704703207047042070477E
:10D480000620704705207047C3B210B5062B0BD895
:10D49000042909D883001B18044A5B189B009B5879
:10D4A000002B01D0984700E0002010BD0448011077
:10D4B000020030B5034B32CB32C232CB32C232CB58
:10D4C00032C230BD9048011010B5040084B000286D
:10D4D00011D0010010220931684605F013FD220029
:10D4E0006068694640321030FFF778FB041E04D1B3
:10D4F000200004B010BD0B24FAE7F7F793F9F7E723
:10D50000031E0CD08068002808D002689A600022B0
:10D51000027202628284DA680260D860704700207A
:10D52000FCE7C046002809D0002907D0C36899420B
:10D5300009D10B68C36083680B60816070471A680B
:10D54000914203D01300002BF9D1F7E70A681A6063
:10D5500083680B608160F1E770B50D00002812D080
:10D56000002910D0C468002C03D10AE02468002CE4
:10D5700007D0200010222900093004F035FF0028D0
:10D58000F4D1200070BD0024FBE7C04600280BD07A
:10D59000C068002803D106E00068002803D00823F3
:10D5A000C3568B42F8D170470020FCE700280BD00F
:10D5B000C068002803D106E00068002803D00823D3
:10D5C000C356032BF8DD70470020FCE700280DD080
:10D5D000C068002803D108E00068002805D0816AEF
:10D5E0009142F9D1C16A9942F6D170470020FCE717
:10D5F00000280DD0C068002803D108E0006800288A
:10D6000005D0016C9142F9D1416C9942F6D1704735
:10D610000020FCE700280DD0C068002803D108E0F6
:10D620000068002805D0816D9142F9D1C16D994201
:10D63000F6D170470020FCE700280BD0C068002816
:10D6400007D0202202E00068002802D0835C002B73
:10D65000F9D070470020FCE700280BD0C0680028F4
:10D6600007D0232202E00068002802D0835C002B50
:10D67000F9D070470020FCE7F0B504000D0085B03C
:10D68000002813D0466801AF0C220021380004F0B6
:10D6900057FF210030003A00283110303D70FFF76D
:10D6A0000BFD041E04D1200005B0F0BD0B24FAE7E9
:10D6B000F7F7B8F8F7E7C04630B5040091B0002896
:10D6C0001AD006AD2800FFF7F3FE21000023102238
:10D6D000093168462B7005F015FC6B4601222100CC
:10D6E0000793012360680892099358312A0010308B
:10D6F000FFF7BAFD11B030BD0B20FBE782B070B56B
:10D700008AB004000D000E920F9300280FD001AED6
:10D710003000FFF7CDFE2000320010300EA935702A
:10D72000FFF7A2FD0AB070BC08BC02B018470B207E
:10D73000F8E7C04610B50C0000280AD0002901D136
:10D74000074810BD04F0A0F8002804D02060002095
:10D75000F7E70448F5E7044B00202360F1E7C046F3
:10D76000743B0110583B0110303801100020704705
:10D7700082B000200092019302B0704784B0002074
:10D7800001910292039304B07047C0460FB470B584
:10D7900082B009930C9B069007910892002B2ED023
:10D7A00006A8F7F713F8002829D00DAB00210020B8
:10D7B0000C9A0093019300F0F7F80500431C1ED06B
:10D7C0000B9B461C9E4201D91E005D1E30000A992B
:10D7D000069B9847041E12D03100019B0C9A00F062
:10D7E000E3F8002807DB00236355200002B070BC7B
:10D7F00008BC04B0184720000A99079B98470024EA
:10D80000F3E7C046F0B557464E46DE464546E0B51E
:10D8100089B004000190180089469A460492F6F7F0
:10D82000D5FF002800D1A0E0484605F0E1FB002329
:10D830009B4653461B69A0460027002510260290F0
:10D84000039320E00135AF4214D25346BF19584626
:10D850009B68039AB9009847002800D17DE07300C7
:10D860009E1980235B039E4200D91E0053468346C7
:10D870001B690393019AAB005B44043BA21A1A6034
:10D88000029B9846A0444946404605F0E3F8041E32
:10D89000D8D1404605F0ACFB4346019A9B1A1E18AE
:10D8A000534606961C68002D3FD0049805F0A0FB57
:10D8B000B446029A8146831A6B4363440399581C09
:10D8C0000793A0478046002847D05B4601991A6815
:10D8D00005F018FB5B461F686B1EAD0005932B001F
:10D8E0005B445E4600254C46474403930CE0736856
:10D8F0009B1A99461A00380005F004FB039B043676
:10D900004F4401359E422BD022003800049905F087
:10D91000F9FA029B32689C46019B62449918059B68
:10D920003F199D42E3D1069BE2E7300003990130A5
:10D93000A0478046002803D04046019905F044FAEC
:10D940005346584619695B689847404609B0F0BC91
:10D95000BB46B246A946A046F0BD00239846EFE775
:10D960000023424607995354EAE700239846ECE720
:10D970000CB400B583B004AB04CB0193002A0BD0E8
:10D98000002807D0002907D0F5F7A2FB03B008BC98
:10D9900002B018470029F7D005F020F916230360DC
:10D9A00001204042F2E7C04610B5002A08D0002806
:10D9B00004D0002904D0F5F78BFB10BD0029FAD064
:10D9C00005F00CF91623036001204042F5E7C0463C
:10D9D00084B070B586B001AD0D932B000B910C9205
:10D9E0000BAC060007CC07C306CC06C3002E23D021
:10D9F0002800F6F7EBFE00281ED00122002130009F
:10DA0000524205F03FFA002812D0841B601C29699D
:10DA1000019B9847051E05D02200310005F072FADF
:10DA200000232B55280006B070BC08BC04B0184772
:10DA3000012400206442EAE70025F3E782B070B5D4
:10DA400005000C000492059300281DD004A8F6F7E9
:10DA5000BDFE002818D022000021280005F012FA8F
:10DA6000002800D0441B0899049B601C9847061EA0
:10DA700005D02200290005F045FA00233355300077
:10DA800070BC08BC02B018470026F8E70022024B21
:10DA900000201A607047C04610630020F0B50400F3
:10DAA0000E0087B000283BD00368002B47D001ADA3
:10DAB0002A000C3383CB83C203CB03C22800F6F7C2
:10DAC00085FE00282CD023689968B14233D85A6863
:10DAD000B24223D0002E26D080229205964230D228
:10DAE000F700186839002A69AB689847002828D0E1
:10DAF000226854681060B4420FD2731E1B1B032BA4
:10DB00002CD9E300C11845071DD00021C318C01946
:10DB10001960596008339842FAD15660002000E03D
:10DB20000B2007B0F0BD186829696B689847226818
:10DB300016605660F2E72000FFF7B0FFF1E71F2004
:10DB4000EFE70A20EDE7341BE4000B000C1900207E
:10DB5000002103C3A342FCD15660DFE7E300D4E712
:10DB600082B0F8B504000E0006920793002829D071
:10DB700007681E25002F04D02800F8BC08BC02B09E
:10DB8000184706A8F6F722FE00281BD020200A9985
:10DB9000069B98472060002816D007604760876082
:10DBA00006AB0C3026CB26C006CB06C031002000C9
:10DBB000FFF774FF051EDFD00A992068079B98477E
:10DBC0002760D9E70B25D7E70A25D5E7F0B54F46FB
:10DBD000D6464646C0B5070086B000284FD0046838
:10DBE000002C4AD06368002B28D0002100258A46EB
:10DBF0002268EE00905900281DD02369013598460F
:10DC0000E36919009946C0475246236849469B1963
:10DC10001A605868C047524623689B195A60A36827
:10DC2000013BA3603C6863689D4207D22268EE0016
:10DC300090590028E1D10135AB42DAD800213800F3
:10DC4000FFF72CFF041E06D0200006B0E0BCBA4649
:10DC5000B146A846F0BD01AD2A003B680C3343CB6A
:10DC600043C203CB03C22800F6F7B0FD002806D05C
:10DC700005993868029B98473C600024E4E70B2430
:10DC8000E2E7C046F0B54646D6464F468846C0B5A0
:10DC90001600002820D0006800281ED000291BD0C4
:10DCA0000368994643689A46002B15D000244B46DA
:10DCB000E700DD59002D0CD0280005F099F932005D
:10DCC000864200D202002900404604F0EFFC002802
:10DCD00008D00134A245EAD10020E0BCBA46B146E2
:10DCE000A846F0BD4F447868F7E7C04630B5040059
:10DCF00097B0684600F012F80023002220000025AB
:10DD000022606360694658321030A56005F0FAF869
:10DD10002000A566E56617B030BDC04630B50500E9
:10DD20008BB002AC684600F01DF8200003F0EEFB5B
:10DD300058220021280004F003FC28000123694632
:10DD40005B4208221030EB6005F0DCF82A0023006B
:10DD50001C3213CB13C213CB13C203CB03C2280054
:10DD60000BB030BD002303704360704770B50400F2
:10DD70000D00002812D00800F6F728FD00280DD06D
:10DD80002068002804D06B68296998470023236025
:10DD9000201D03F095FB431E984170BD0B20FCE74E
:10DDA00010B504000C22002104F0CAFB200010BDB5
:10DDB000F0B587B004920593022940D83CD0049C6A
:10DDC000059D0023244A05F0CFFA012206000F002A
:10DDD000224B5242921BBB419D4230D838D0A419ED
:10DDE0007D41009401950D990C98022920D81CD0F2
:10DDF0000E9C0F9D0023184A05F0B6FA012206007A
:10DE00000F00164B5242921BBB419D4210D81CD0B2
:10DE1000A4197D41009A019B10006B40604018439B
:10DE200043425841C0B207B0F0BD0D4B9842DFD914
:10DE300001240A4D6442EDE7094B9842BFD9012302
:10DE4000064C5B4200930194CDE79442E0D9EFE7A2
:10DE50009442C4D9F3E7C04600CA9A3BFFFFFF7F54
:10DE6000047DC12530B585B002920393022919D8EB
:10DE700015D0029C039D00230E4A05F075FA02009E
:10DE800001200B000C494042801A99418D4209D86B
:10DE90000CD012196B411000190005B030BD074BB2
:10DEA0009842E6D9012004494042F6E78442F0D97D
:10DEB000F8E7C04600CA9A3BFFFFFF7F047DC125FB
:10DEC00010B504003822002104F03AFB200010BDF8
:10DED000F8B54E464546DE4657460400E0B50D000F
:10DEE0001600002817D0002915D005F081F8002869
:10DEF0000AD023782F2B15D002232B60002E01D0BF
:10DF000000233360002007E001232B60002EF9D0AE
:10DF100000233360F6E70B20F0BCBB46B246A946AF
:10DF2000A046F8BD431E9C46E35C00222F2B1BD06D
:10DF3000A35C5F2B04D013D8392B07D82E2B08D91C
:10DF4000531C9B46984217D05A46F1E7413B192B88
:10DF5000F6D904232B60002ED4D000203260DBE7FA
:10DF6000613B192BECD9F4E72C3B2B60002EC9D078
:10DF7000634633600020CFE7611E884619490023BD
:10DF80008A460421894601E0914215D019000133E7
:10DF90008C45F9D04046C05C2F28F5D1E05C2F2895
:10DFA00019D05746385C4F460742EDD006222A600A
:10DFB000002EA7D03360DDE75B46F72B03D80023A4
:10DFC00000202B60A8E707232B60002E9AD0EF33A8
:10DFD00000203360A0E705222A60002E92D0336033
:10DFE000C8E7C046C94A011070B50E0014001D00F4
:10DFF000C2B0002817D0002A15D0012902D1037819
:10E000002F2B15D0694601AAFFF762FF00280BD11C
:10E01000009B002B0AD0072B08D0062B1BD81249D7
:10E020009A008A5897460B2042B070BDF52E0AD848
:10E03000002323600020F7E72360002DFAD0019B26
:10E0400000202B60F0E707232360002DF2D0ED3392
:10E0500000202B60E8E78021044A490002A8FFF76E
:10E0600087FC0120E0E7C046B4480110903B011056
:10E0700070B504000D001600002808D004F0B8FFA9
:10E08000330001002A002000FFF7AEFF70BD0B2017
:10E09000FCE7C046072803D8024B8000C0587047F1
:10E0A0000148FCE7D0480110E03B0110F0B5C6463E
:10E0B00004000F00904600B5002835D0002933D069
:10E0C00004F096FF00232021002823D0E55C2A00DD
:10E0D000303A092A0ED92E008E43413E192E09D915
:10E0E0005F2D07D002223A604246002A00D013601A
:10E0F00000201AE001339842E8D104222178134B22
:10E100005B5C110019401A421AD1FF2810D8002078
:10E1100039600AE001333B604346002BE8D000231E
:10E1200042460020136000E00B2080BCB846F0BDE2
:10E1300043463A60002BDBD0FE2342461360D7E70C
:10E1400003233B604346002BE9D1D1E7C94A0110C4
:10E15000042803D8024B8000C05870470148FCE7F0
:10E16000F0480110883D01100300406800280DD0E0
:10E1700042685A60002A01D0002111601A6842608A
:10E18000002A00D010600022026018607047C0466C
:10E190000B68002B01D04A685A604A68002A00D0F8
:10E1A000136003688B4208D043684B60002B00D09B
:10E1B000196000230B60416070470260F4E7C046BD
:10E1C000F0B5C64604000D0000B5002804D0006874
:10E1D000F7F7D0F9002804D10124200080BCB8460C
:10E1E000F0BD6368002BF7D0002DF5D02868F7F755
:10E1F000C1F90028F0D06E68002EEDD0A823676822
:10E20000E2249B009C463869A400015960444A7886
:10E210000B7812021A438B78C9781B041343090642
:10E220003269194302F0D8FAE423020038699B00EE
:10E2300098460159C358F7F717F9A8239B009C4645
:10E240003869015960444A780B7812021A438B7876
:10E25000C9781B041343090632691943F8F7C6F954
:10E260004346020038690159C358F7F7FDF8012306
:10E270005840C4B228006400F6F7C4FFADE7C046BA
:10E2800070B505000C00002819D0002917D00068CF
:10E29000002805D00C4B196804F0B8FC002810D1F8
:10E2A0006D68043410220021200004F049F929008F
:10E2B00004222000103104F025FE002070BD0B2048
:10E2C000FCE70C20FAE7C04604490110014B18682E
:10E2D0007047C0460449011084B070B582B0040094
:10E2E00007AD079108920993002807D02800F6F798
:10E2F0006DFA002802D0A668002E05D00B2002B0CF
:10E3000070BC08BC04B01847002200232260636080
:10E310001E4B1B68A3602300403307CD07C306CD07
:10E3200006C36D461A4B2800E363E660FFF71AFD4B
:10E330002300103306CD06C3164D032228001649CC
:10E340002676F6F781FE2800FFF70EFF00281AD088
:10E35000124A83681178636519745168D5685961E8
:10E36000106951699268DD619A6118625962FAF721
:10E37000E5FC03F0AFFD03F0B5FD636D9862002886
:10E38000F9D00020BBE70120B9E7C04604490110DD
:10E390004C3A011048610020985D0020C4610020C3
:10E3A00070B504000D00002826D0002924D0806814
:10E3B000002805D0134B196804F028FC00281DD153
:10E3C000AB680B20002B00D070BD58222100280024
:10E3D00004F098FD0C48FFF7C7FE002810D08368B2
:10E3E0006B65626D1033103213CA13C313CA13C3A3
:10E3F000126800201A60E7E70B20E5E70C20E3E74E
:10E400000120E1E7044901104861002010B5040033
:10E4100096B0002826D04030F6F7D8F9002821D051
:10E42000A068002805D0124B196804F0EFFB002803
:10E430001CD110480168002916D0626D02E04968BD
:10E44000002911D08B689A42F9D1FFF7A1FE6846E6
:10E45000FFF764FC58226946200004F053FD0020B9
:10E4600016B010BD0B20FBE70120F9E70C20F7E701
:10E470000449011048610020F0B54E464546DE468D
:10E480005746E0B505000E0083B0002800D1E4E057
:10E49000002900D1E1E0436D002B00D1DDE07C4B91
:10E4A00080681B689846002805D0190004F0AEFB70
:10E4B000002800D0DFE02A686B6832607360434652
:10E4C000B360EB680027B366724B012299461800CF
:10E4D0007149F6F745FD714C042220007049F6F7AA
:10E4E0008BFD48466773FFF73FFE002800D1BFE071
:10E4F00010238468686D9A46C36982699B46436AA3
:10E50000017C0193006AA2445B4600905046F8F7F4
:10E51000E7FAFA23E3229B009200A3500432A350AF
:10E52000703BE3180C3AA3500432A3505D4B4246B3
:10E53000E7505D4B5D49E7505D4B5E48E750043363
:10E54000E750DA239B00E2500433E7500122F466DF
:10E55000F6F7E2FC052258495848F6F7B9FC0A22BA
:10E5600057495848F6F790FC012257495748F6F7A3
:10E5700043FC012256495748F6F762FC0F225649E0
:10E580005648F6F715FD032255495648F6F75CFD47
:10E59000042255495548F6F77BFD04225449554855
:10E5A000F6F79AFD0022696DF06EF6F70FFC8046D3
:10E5B000002863D16B6DA6279A6AA2239B00E118FD
:10E5C0001833E5182800F8F7B1FC280022004A4962
:10E5D000F8F7D6FC280000224849F8F7CBFC2800C1
:10E5E00000224749F8F7D2FC280000224549F8F7F5
:10E5F000D3FCE521BF00E25B8900042328009200E0
:10E600006118F8F727FDDD239B00E050E25B3E49EF
:10E610009200611804232800F8F7E4FCDE239B0035
:10E62000E0502800F8F700FDE0239B00E050374B56
:10E630002800E118E25BF8F7B5FCDF239B00E0500F
:10E640002800F9F715FB051E0AD0404603B0F0BCC0
:10E65000BB46B246A946A046F0BD0B239846F4E758
:10E660005046F8F793FA21004846FFF791FDF5660A
:10E6700001239846E9E70C239846E6E75046F8F769
:10E6800085FA21004846FFF783FDF766DDE7C046BF
:10E6900004490110F0610020C81D002028620020FC
:10E6A0007033002094150000981500001C5E0020B7
:10E6B0009C15000068610020705400203C6200201E
:10E6C00090140020B4610020001D0020E0610020B3
:10E6D000C8130020E05C0020C05E00204C620020D7
:10E6E000985D00204861002064600020C462002022
:10E6F000185D00203461002081150110791501108A
:10E7000031160110E5160110940B0000941300005F
:10E7100070B505000026174BC26E1C68002C0BD08C
:10E72000A068646803699342F8D1183000F05AF980
:10E73000EA6E0600002CF3D1002A16D0E2239B00DB
:10E74000D358997801394B42594109234942994399
:10E75000A8239B000A31D018F9F762FAE86EF6F7A1
:10E76000DFFCE86E1030F8F711FA00233000EB669A
:10E7700070BDC04668610020F0B5C64600B5040013
:10E7800084B029480F001600FFF7EEFC002849D09E
:10E7900085682269254BAC616E61D05A411CD1520B
:10E7A0000221F8F7F9F9224B28613C2219003800C0
:10E7B0009846F6F7C3FE002831D01E4F6422390078
:10E7C0003000F6F787FE002829D0A823E1269B0019
:10E7D0009C4606232069B60081590293434601975F
:10E7E00000934A780B7812021A438B78C9781B047D
:10E7F0001343090619432A6963696044F7F772FFF6
:10E80000E323020020699B00C3588159F6F72CFED0
:10E81000002804D0280004B080BCB846F0BD280011
:10E82000F6F70AFD0025F5E74C620020961500007A
:10E83000F46000205C62002070B586690500012448
:10E84000002E23D0A823E2249B009C463069A4001C
:10E85000015960444A780B7812021A438B78C978C0
:10E860001B041343090619432A69F7F7BFFEE42383
:10E87000020030699B00C3580159F6F7F5FD0123EA
:10E880005840C4B228006400F6F7D6FC200070BDE2
:10E89000F0B54746CE4680B506000F0090461D00F5
:10E8A00083B0002B00D170E03E48FFF75DFC0028EC
:10E8B0006BD08468EB6E25002361FFF707FD2C23E6
:10E8C0009946A1444B46A061E4613000236204F004
:10E8D0008FFB421C18353C2A54D83100484604F0BE
:10E8E00011FB68239946A1444B463800636204F04B
:10E8F0007FFB421C3C2A45D83900484604F002FB05
:10E90000294B2269D05A411CD1520121F8F744F910
:10E9100060613B782F2B3AD17B78002B37D1234B8A
:10E920003C219946224A33004846F4F7BDFBA82211
:10E93000E1269200944606222069B600875901928A
:10E940004A464346009279783A7809021143BA78E8
:10E950009BB212040A43F9786044090611436269C4
:10E96000F7F78CFEE323020020699B00C35881590E
:10E97000F6F77AFD002805D0280003B0C0BCB946E0
:10E98000B046F0BD2800F6F7D5FB0025F4E7074BAD
:10E990003C219946074A3B0048460096F4F784FB21
:10E9A000C5E7C0466861002094150000D4620020CD
:10E9B00010390110543A011010B503000C00110079
:10E9C000002C0DD02278002A0AD0002908D00A781D
:10E9D0000020002A03D020009A6EFFF759FF10BDD7
:10E9E0000020FCE7F0B5C646070000B5002822D09D
:10E9F0000068002805D03F4B196804F007F900288B
:10EA000019D17D68002D16D03B4B00261C68002CC8
:10EA100016D08023984601E0002C11D04346A1680F
:10EA20006468CB589D42F7D138008431F6F75CF921
:10EA300006000128F0D10126300080BCB846F0BDA8
:10EA40002E4B1C68002C0DD0A16864680B6A9D4297
:10EA5000F8D138007C3100F059FB06000128EAD0DB
:10EA6000002CF1D1264B1C68002C0DD0A1686468E5
:10EA70008B6F9D42F8D138007C3100F0C5F906005B
:10EA80000128D8D0002CF1D11E4B1C68002C0DD0D1
:10EA9000A16864688B6F9D42F8D138007C31FFF724
:10EAA0008FFB06000128C6D0002CF1D1A823E22458
:10EAB0009B009C462869A400015960444A780B7861
:10EAC00012021A438B78C9781B04134309061943B1
:10EAD0006A69F7F78BFDE423020028699B00C3589D
:10EAE0000159F6F7C1FC002800D102263800F6F7DC
:10EAF00021FBA1E704490110B46100203C62002021
:10EB0000E0610020E05C002043681869DA239B0084
:10EB10009C4660447047C046F0B5C64600B5040048
:10EB200000680E0015008AB0002805D0214B196836
:10EB300004F06CF800283BD164686369A76F9B6898
:10EB400098474368300098461B699847A8230200FD
:10EB50009B009C463869009202AB2269216F604499
:10EB6000FAF798F9002328606B60002812D043461A
:10EB700030009B6802A998477223E35C012B0ED0FA
:10EB8000A8239B009C463869616F6044F8F7B6FE85
:10EB9000002000E001200AB080BCB846F0BDA823E8
:10EBA0009B009C4638696044F8F778FA0020F2E749
:10EBB0000C20F0E704490110F0B54746CE4680B579
:10EBC000050000680C0090461E0089B0002805D0A2
:10EBD000274B196804F01AF8002847D1002E01D0FD
:10EBE000002333706B689946F6F7BAFB4846F6F790
:10EBF00089FB071E38D0856820001E4B1E4AEB5843
:10EC0000AA5863621D4B2262EB5C032223741C4BE7
:10EC10001130E91804F076F920001A4B0C22E9189B
:10EC2000143004F06FF94B465B699B689847812369
:10EC3000290044681B01EA5868461031F7F75EFC6A
:10EC40004146E36868469847390004000E48FFF7DC
:10EC50009FFA002E00D0347001235C40E0B209B06E
:10EC6000C0BCB946B046F0BD0120F8E70C20F6E77D
:10EC700004490110380800003C0800003708000073
:10EC8000340800002808000028620020F0B547463C
:10EC9000CE4680B5050000680C00170091B0002832
:10ECA00005D02E4B196803F0B1FF00284AD16D68DA
:10ECB0006269AB6F611C9846236902AE07932378A3
:10ECC000069205A80322F37304F01CF9211D0C22FF
:10ECD000300004F017F96B69DB6898474368380027
:10ECE00099461B69984743461C69A8239B009C468C
:10ECF00018300090644408AB20002A69296FFAF7A5
:10ED0000C9F803000120002B04D111B0C0BCB946E2
:10ED1000B046F0BD310008A8FBF764FA4B46380056
:10ED20009B6808A998477223EB5C012B0CD04346E3
:10ED30001869A8239B009C46696F6044F8F7DEFDC4
:10ED40000020E2E70C20E0E743461869A8239B0077
:10ED50009C466044F8F7A2F90020D6E70449011068
:10ED6000F0B54746CE4680B50400006888461700D7
:10ED70001D0089B0002805D0204B196803F046FF1C
:10ED8000002839D1002D01D000232B7063689946EB
:10ED9000F6F7E6FA4846F6F7B5FA061E2AD04146D7
:10EDA0008468174BE3181A685B680A624B624B462B
:10EDB0005B69DB68984743682100984681231B0103
:10EDC000E25868461031F7F799FB43463900684628
:10EDD000DB689847310004000A48FFF7D9F9002D95
:10EDE00000D02C7001235C40E0B209B0C0BCB94631
:10EDF000B046F0BD0120F8E70C20F6E70449011009
:10EE00002808000028620020F0B5C64604000D0066
:10EE100000B5002804D00068F6F7ACFB002804D148
:10EE20000124200080BCB846F0BD6368002BF7D0F9
:10EE3000002DF5D02868F6F79DFB0028F0D06E680D
:10EE4000002EEDD0A8236768E2249B009C46386919
:10EE5000A400015960444A780B7812021A438B7857
:10EE6000C9781B04134309063269194301F0B4FC45
:10EE7000E423020038699B0098460159C358F6F70D
:10EE8000F3FAA8239B009C463869015960444A78EC
:10EE90000B7812021A438B78C9781B0413430906B6
:10EEA00032691943F7F7A2FB43460200386901595A
:10EEB000C358F6F7D9FA01235840C4B228006400B9
:10EEC000F6F786F9ADE7C046F0B545464E46DE4654
:10EED0005746E0B58846050091461C008DB00028D5
:10EEE00000D1E9E0002900D1E6E00068F6F742FB36
:10EEF000002800D1E0E04B46002B00D1DCE01B787D
:10EF0000002B00D1D8E0002C00D1D5E071486F680B
:10EF1000FFF72AF9002800D1CEE080238568ED5064
:10EF2000FFF7D4F998239A46AA445246143BE8675F
:10EF30004846EA5004F05CF82E0001307C363C284C
:10EF400000D9B1E04B463C21634A5046F4F7ACF897
:10EF50002800210050222F62283003F0D3FF4046C2
:10EF60005E49F6F717FB002800D19DE04268AA61D0
:10EF7000002A00D198E0230049463800FFF7FCFB47
:10EF8000E861002800D194E03A69554BD05A411C01
:10EF9000D1520421F7F700FEE123286138699B0074
:10EFA000C1589846E43B9C46062300934A789B460A
:10EFB0000B7812021A438B78C9781B041343090695
:10EFC00019432A697B696044F7F7FAFBE32341465A
:10EFD000020038699B00C3584158F6F745FA0028EB
:10EFE00062D0404B3A69D05A411CD1520621F7F702
:10EFF000D3FD4246686138692100825805909246E7
:10F00000EA69914608AA1000F6F750FAA822920081
:10F0100094465A460392089A01AB019202AA928B37
:10F0200005989A804A4613695246514600931378D0
:10F030005278604412021A438B78C9781B04134338
:10F04000090619436A692B69F7F756FCE323414621
:10F05000020038699B00C3584158F6F705FA0028AA
:10F0600022D0214B38690A9300230B93237A022B79
:10F070002BD0DD239B00C3580793E1239B00C1588D
:10F08000E43B9C460AAB00934A780B7812021A4381
:10F090008B78C9781B041343090619436A69079BD7
:10F0A000604401F063FB08E0E869002801D0F6F74E
:10F0B000C3F83000F6F772F8002630000DB0F0BC4F
:10F0C000BB46B246A946A046F0BDE0239B00C3580C
:10F0D0000793D2E73C62002010390110DC380110A0
:10F0E0009C1500009E150000FFFF0000030010B5F6
:10F0F0000800002B08D0002906D05968502228317A
:10F1000003F000FF002010BD0B20FCE7F8B5CE4651
:10F11000474604000D0080B5002804D00068F6F7CB
:10F1200029FA002805D101242000C0BCB946B04608
:10F13000F8BD6368002BF6D0002DF4D02868F6F7F0
:10F1400019FA0028EFD06C68002CECD0A823E22636
:10F150009B009C46276AB6003869815960444A780A
:10F160000B7812021A438B78C9781B0413430906E3
:10F170006269194301F030FBE423020038699B0007
:10F1800098468159C358F6F76FF9E069FFF754FBC9
:10F19000236A1869A8239B009C46815960444A78D9
:10F1A0000B7812021A438B78C9781B0413430906A3
:10F1B00062691943F7F71AFA236A81461869A82386
:10F1C0009B009C46815960444A780B7812021A438E
:10F1D0008B78C9781B041343090622691943F7F792
:10F1E00005FA4346040038694A468159C358F6F780
:10F1F0003BF94346814638692200C3588159F6F7E6
:10F2000033F94C46012304405C402800E4B264001A
:10F21000F5F7C4FF88E7C046F0B5050000680E00AA
:10F22000140089B0002805D0234B196803F0EEFCC8
:10F2300000283FD16F68002C20D000232370F6F700
:10F240008FF83800F6F75EF8051E1ED0812281681F
:10F2500012018A5868461031F7F750F9BB6931003E
:10F26000DB6868469847060029001448FEF790FFBF
:10F27000267001207040C0B209B0F0BDF6F770F8FA
:10F280003800F6F73FF8041E01D10120F4E781238E
:10F29000A1681B01CA5868461031F7F72FF9BB69FE
:10F2A00031006846DB689847210006000348FEF7F6
:10F2B0006FFFDEE70C20DFE7044901102862002021
:10F2C000F0B54E46DE4657464546E0B589B00600E5
:10F2D0008B4691461F00149C002A00D149E1002C66
:10F2E00000D110E11022C04904A803F00BFE102247
:10F2F00004A9684603F006FE20686168A268E36816
:10F30000FEF756FD002800D143E101235B429846F9
:10F31000F6F726F8B54B1C68002C07D02300002117
:10F32000B3489A685B681154002BFAD14B46002B06
:10F3300013D04B46196800290FD05B68AC4A9A4637
:10F3400094460023012055469A0052596546926F13
:10F350000133126950559942F5D1002F00D134E1A3
:10F360003968002900D149E17B68A14A9A46944650
:10F370000023012055469A0052596546926F013389
:10F38000126950559942F5D1002E00D145E13168FE
:10F3900000290FD07368964A9A46944600230120AC
:10F3A00055469A0052596546126A01331269505502
:10F3B0009942F5D1002C2AD00022230092468C4994
:10F3C0009A685B68505C5044C2B29246002BF7D1F9
:10F3D000002A00D18BE0434601330DD0404603F0B4
:10F3E000AFFF8046504603F0A7FF011C404603F0E4
:10F3F000C3FF03F0C5FF80467D4B9A465346A06885
:10F40000C35C002B00D0A8E06468002CF6D14B460A
:10F41000002B00D1D1E04B461B68002B00D1CCE083
:10F4200000230024984643469B009A464B4652468A
:10F430005B689858F5F766FF002800D180E001234B
:10F440009C464B461B68E04401244345EBD8002F03
:10F4500015D0396800239846002910D043469B00F8
:10F4600099464A467B689858F5F74CFF002855D0D6
:10F4700001239C463B68E04401244345EED8002E1E
:10F4800011D033680027002B0DD0BB0098464246B0
:10F4900073689858F5F736FF002849D0336801376C
:10F4A0000124BB42F1D85B46002B16D01E68002217
:10F4B0000027002E04D110E00132196096420CD0D2
:10F4C0005B465B6891005B181868017C0029F3D0EB
:10F4D00001320C0007749642F2D101235C406000B7
:10F4E00009B0F0BCBB46B246A946A046F0BDA82371
:10F4F0009B009C46A06800216044F8F7C9F9646845
:10F50000002CF4D183E7F5F72BFF384B1C6801235F
:10F510005B429846002C00D000E70AE74A467B6829
:10F52000985001239C463B68E044984596D3A6E753
:10F5300042467368013798503368BB42A5D8B2E79A
:10F540004B4652465B68985001239C464B461B68CD
:10F55000E044984500D266E779E7A8239B009C46E3
:10F5600041466044F8F7ACF96468002C00D045E7E8
:10F570004DE7002F23D0002C00D0B3E6F5F7F0FEC6
:10F580001A4B1C6801235B429846002C00D0C5E64C
:10F59000E3E60FCCFEF766FC0023164A03F0D4FE28
:10F5A000002902DD14488046B2E60029FBD1802301
:10F5B0001B069842F7D31048F5E7002447E70028D8
:10F5C000D9D10029D7D100208AE7002E00D0DEE66D
:10F5D000002C00D0F0E64B46002B27D01B683400EF
:10F5E000002B00D01CE75EE708490110F061002005
:10F5F000A415000040420F00FFFFFF7F002E00D047
:10F60000C5E6002C00D0D7E64B46002B0ED01B6879
:10F61000002B00D004E700241CE7002C00D0CBE630
:10F620004B46002B00D0F6E6002413E74C463AE7A1
:10F6300010B50448FEF798FD002801D0806810300E
:10F6400010BDC046C46200200200094810B5016820
:10F65000002903D10AE04968002907D08B681033DC
:10F660009A42F8D1FEF794FD002000E0012010BD81
:10F67000C4620020074B10B51B68002B07D09868A8
:10F68000A8239B009C466044F7F7FEFC10BD0020B9
:10F690000021FBE7F0610020F8B5CE46474605683B
:10F6A000040080B528000E0003F0B0FA030020002B
:10F6B000002B1AD0114B2800196803F0A7FA002874
:10F6C00012D167683B689846002B0DD0BB680024B8
:10F6D00099464B46A5003100585903F097FA002887
:10F6E00007D001344445F4D10020C0BCB946B0462F
:10F6F000F8BD3B695B599847F7E7C046C00C00204E
:10F7000000487047C80C0020034B1A78002A01D12A
:10F7100001321A70014870471563002048490110F2
:10F72000084870B50378002B0AD10749074B0A0037
:10F7300070CB70C232CB32C232CB32C201230370E3
:10F74000034870BD146300200462002024490110A6
:10F7500018490110431E9841C0B270477047C04617
:10F76000F0B5C646190000B51F0005009046F6F733
:10F7700073FE3E0000280DD01AE0B91B2200A868D5
:10F78000414403F0BFFBA868361B0019A860286934
:10F7900000192861012231002800F6F7E5FE041E59
:10F7A000EBD10123A87D6B75584080BCB846F0BDF5
:10F7B0003A004146A86803F0A5FBAB68DB19AB60D3
:10F7C0002B69DB192B61ECE7F0B5C646190000B5D3
:10F7D0001F0005009046F6F73FFE3E0000280DD0C2
:10F7E0001AE0B81B2200A968404403F08BFBA8680C
:10F7F000361B0019A860286904192C610122310008
:10F800002800F6F7B1FE041EEBD10123A87D6B752D
:10F81000584080BCB846F0BD3A004046A96803F0A5
:10F8200071FBAB68DB19AB602B69DB192B61ECE773
:10F83000F0B5C646884600B5110017000500F6F77A
:10F840000BFE3E0000280DD01AE0B91B2200A8686C
:10F85000414403F057FBAB68361B1B19AB602B69A7
:10F860001B192B61012231002800F6F77DFE041ED2
:10F87000EBD10123A87D6B75584080BCB846F0BD24
:10F880003A004146A86803F03DFBAB68DB19AB606A
:10F890002B69DB192B61ECE7F0B5C646190000B502
:10F8A0001F0005009046F6F7D7FD3E0000280DD05A
:10F8B0001AE0B91B2200A868414403F023FBA868A2
:10F8C000361B0019A860286900192861012231003F
:10F8D0002800F6F749FE041EEBD10123A87D6B75C5
:10F8E000584080BCB846F0BD3A004146A86803F0D5
:10F8F00009FBAB68DB19AB602B69DB192B61ECE70B
:10F90000F0B5C646884600B5110017000500F6F7A9
:10F91000A3FD3E0000280DD01AE0B81B2200A96804
:10F92000404403F0EFFAAB68361B1B19AB602B6940
:10F930001B192B61012231002800F6F715FE041E69
:10F94000EBD10123A87D6B75584080BCB846F0BD53
:10F950003A004046A96803F0D5FAAB68DB19AB6002
:10F960002B69DB192B61ECE7F0B5C646190000B531
:10F970001F0005009046F6F76FFD3E0000280DD0F1
:10F980001AE0B81B2200A968404403F0BBFAA8683B
:10F99000361B0019A860286904192C610122310066
:10F9A0002800F6F7E1FD041EEBD10123A87D6B755D
:10F9B000584080BCB846F0BD3A004046A96803F004
:10F9C000A1FAAB68DB19AB602B69DB192B61ECE7A3
:10F9D00070B50E00017D04001500F6F705F9012051
:10F9E000002D00D170BD2B0032002000217DFFF7DB
:10F9F000B7FEF7E7F8B51D000F001600017D1A00ED
:10FA00000400F6F7FDF92B689E4207D20122A27589
:10FA10003A002000217DFFF7D7FEF8BD0120002B22
:10FA2000FBD0F5E770B50E00017D04001500F6F778
:10FA3000DBF80120002D00D170BD2B00320020002A
:10FA4000217DFFF729FFF7E7F8B51D000F0016002D
:10FA5000017D1A000400F6F7D3F92B689E4207D205
:10FA60000122A2753A002000217DFFF77DFFF8BD3D
:10FA70000120002BFBD0F5E770B5050008000C0055
:10FA800003F0B6FA2100421C2800FFF7A1FF70BD69
:10FA900000B583B001ABFFF7ADFF03B000BDC046BA
:10FAA00001235B420380704701235B420380704760
:10FAB00070B5040000880D0000F092FF0300C00F35
:10FAC000002B00DA258070BDF0B5CE4647460C000D
:10FAD00080B50D8983B00F6806002900606803F0C7
:10FAE0003FFC804630684146C01B03F039FC0130C2
:10FAF000290080B203F048FC43468DB26B431D00E1
:10FB0000FB181900042201A8994603F0FBF9019B98
:10FB10009846237D002B16D143460120032B0DD997
:10FB20004246083530003369043A7919F6F7DEFCAD
:10FB3000300022000849F6F7B7FC002003B0C0BC33
:10FB4000B946B046F0BD00230422484601A90193FE
:10FB500003F0D8F9E0E7C046C9FA0010F0B54F4607
:10FB6000D6464646C0B582B01D0003810A9B0700F9
:10FB70000361002389469246016042600375002DAF
:10FB80001CD00024984603E03B6899467B689A465F
:10FB9000434629002000019303F0F6FB50468EB245
:10FBA000290003F0DDFB70430422484401A903F05F
:10FBB000A9F901343D89A4B2A542E5D801235B42ED
:10FBC000FB6002B0E0BCBA46B146A846F0BDC046F4
:10FBD000F0B5C64600B50589060082B0002D19D0E3
:10FBE0000024002729007068019703F0B9FB8046C4
:10FBF0002900200003F0C8FB434689B2594330680E
:10FC00000422401801A903F07DF901343589A4B21A
:10FC1000A542E7D801235B42F36002B080BCB8463E
:10FC2000F0BDC046F0B54546DE4657464E46E0B507
:10FC300004000D0083B0018980891700984600F008
:10FC4000C7FE29000600A08900F0CAFE00280FDBCD
:10FC500000262900E08900F0C3FE002800DAE581D3
:10FC6000300003B0F0BCBB46B246A946A046F0BD8A
:10FC70002900300000F0B4FE0028E9DB23693800D9
:10FC8000984781460121A08900F0A2FE4B46002B37
:10FC900001D1854261D026892368310060689A4687
:10FCA00003F05EFB83463100280003F06DFB5B46EA
:10FCB0008EB25E4353460422991901A803F022F93B
:10FCC000019B002BC4D10436300042463900504419
:10FCD00003F018F94346019327896068390003F05F
:10FCE0003FFB39000600280003F04EFB89B2714348
:10FCF00020680422401801A903F004F901230C9A9A
:10FD000013704B46002BA3D0A7890121380000F0C7
:10FD10005FFE26892368310007006068984603F07B
:10FD20001FFB81463100380003F02EFB4B468EB29C
:10FD30005E4343460422991901A803F0E3F8019BAE
:10FD4000002B00D184E704363000236940449847F3
:10FD5000022806D00128D8D07AE74A460C9BA58114
:10FD60001A70012675E7C046F0B5DE46574645468F
:10FD70004E46E0B585B0009205008A468089012193
:10FD800000F026FE01902E8904003100686803F01F
:10FD9000E7FA80463100200003F0F6FA43468EB2BF
:10FDA0005E432F680422B91903A803F0ABF8039B44
:10FDB0009B46002B2BD0B9460436B14448462B69EC
:10FDC0009847061E2BD0AC890121200000F000FED0
:10FDD0002B89040019006868984603F0C1FA41466F
:10FDE0000700200003F0D0FA89B24F432E680422A6
:10FDF000F11903A803F086F8039B002B07D0043702
:10FE00002B69F0199847022824D00128DCD0002063
:10FE100005B0F0BCBB46B246A946A046F0BD5A4666
:10FE200049465046F6F76AFB03962F896868390001
:10FE300003F096FA39000600200003F0A5FA89B213
:10FE4000714328680422401803A903F05BF80120DD
:10FE5000AC81DDE7002303932E896868310003F04D
:10FE60007FFA31000700019803F08EFA89B27943D6
:10FE700028680422401803A903F044F85A46009B5E
:10FE80005046D21A4B441900F6F738FB2A00504668
:10FE90000149F6F709FBDAE7C9FA001070B511005D
:10FEA0000400C089150000F09BFD002800DAE58100
:10FEB00070BDC046F0B54546DE4657464E46E0B5F5
:10FEC00085B001918389040098460389002B63D093
:10FED00003AB40460127994603E0BE425CD9A089A6
:10FEE0000137B9B200F074FD268905003100606861
:10FEF00003F036FA82463100280003F045FA5346F3
:10FF000089B25943236804225918484602F0FAFF7F
:10FF1000039B002BE1D1019B01211D802800E68974
:10FF200000F05AFD0100300000F056FD8246834685
:10FF3000002829D000239B4603AB00259946019B4E
:10FF4000A9B2188800F044FD2389070019006068F1
:10FF5000984603F005FA41460600380003F014FA0B
:10FF600089B27143236804225918484602F0CAFF37
:10FF7000039B002B05D10133AB405A461A4393B281
:10FF80009B460135AA45DAD8584605B0F0BCBB46B9
:10FF9000B246A946A046F0BD4546BCE703734360A0
:10FFA00001235B4201608260C3817047037B436031
:10FFB00001235B42C3817047F0B5050083B0406800
:10FFC0000E001700F8F794FE6B68A968C0180023AC
:10FFD000821991425B41DCB2914202D2200003B00F
:10FFE000F0BD0023296800903800F6F775FA6B68B9
:10FFF0009B196B60F2E7C046F8B54746CE4680B520
:020000041001E9
:1000000046680400007B8846B042AD41170099461F
:100010006D42864204D82800C0BCB946B046F8BD3F
:100020000121E08900F0D4FC4B464246E081188073
:100030002368136063683B60237B6360EBE7C04623
:10004000F0B5C6460C0000B50B8982B006000F68FB
:1000500060681900984603F083F9050030682900AC
:10006000C01B03F07DF90130414680B203F08CF9EA
:1000700089B24D430422791901A802F043FF019A85
:10008000207B043A121A08304019391833693000BD
:10009000F6F72CFA300022000349F6F705FA0020A3
:1000A00002B080BCB846F0BD41000110F0B5CE46AC
:1000B00047461E0080B583B00AAB1B780500884612
:1000C00091460160426006810373002E1BD000241C
:1000D00004E02A682B7B90466A6891463100200034
:1000E000019303F051F948468FB2310003F038F91B
:1000F00078430422404401A902F004FF01342E8910
:10010000A4B2A642E5D801220120002306495242AA
:100110004042A861E961EB812A612B8403B0C0BC35
:10012000B946B046F0BDC046FFFFFF7FF0B5068977
:10013000050083B0002E18D000242B7B31006868A6
:10014000019303F00DF931000700200003F01CF9C2
:1001500089B2794328680422401801A902F0D2FE2E
:1001600001342E89A4B2A642E7D80122012000233F
:10017000044952424042A861E961EB812A612B8423
:1001800003B0F0BDFFFFFF7FF0B5DE4657464E4699
:100190004546E0B595B0069204910589C3890600ED
:1001A000290040689A4603F0DBF8031F0393336885
:1001B0000400029029005046994603F0E5F889B200
:1001C00061430B1D4B44042249440CA8059302F0E3
:1001D00099FE0C9B00279B46337B00249846002DFC
:1001E0001BD03300464698462900200003F0CCF887
:1001F000029B89B25943042249440CA802F082FEB2
:100200000C9BB34201D10137BFB20134A4B2A54265
:10021000EAD143463C00B0461E0058460421F6F79A
:1002200073F9049D8344039B5D449D4200D8E8E03C
:10023000049A337B9446039A6344934200D8C9E0FE
:10024000434695B2EB1A043B9BB25C439846089335
:10025000049B9C4200D2CCE05B460433934200D323
:10026000FCE05B46043DED1A049BADB2581B4146D1
:1002700003F08AF883B2002900D0E9E0BB4200D93C
:10028000B7E0002B00D12DE1002291460BAA049289
:100290005A469B46434654464F46AA460992079300
:1002A00001E0079B9A46338970681900994603F06C
:1002B00057F880464946200003F066F8434689B265
:1002C0004B43984635680422E918049B013718000F
:1002D000994602F017FE4346191D0B9A6918039DB3
:1002E000002300920CA82A00F6F7F6F852460023E5
:1002F0000D210CA8F8F7BCFC0B9533897068190028
:10030000984603F02DF841460500200003F03CF824
:1003100089B26943306804224018494602F0F2FD70
:100320002000012100F054FBBFB20400BB45B8D14E
:10033000099B82469B4637897068390003F010F8A4
:1003400039000500504603F01FF889B24D43346868
:10035000049F61190422380002F0D4FD0B9B043580
:100360006119039A00930CA80023F6F7B5F8089CCE
:100370000223A2B20D210CA8F8F77AFCA446337B25
:100380007068043363440B933589290002F0E8FF59
:1003900029000400504602F0F7FF89B2614330683B
:1003A00004224018390002F0ADFD5B46029A191D87
:1003B000083AD21A059B069C9C4620006144F6F739
:1003C0009DF8200032004949F6F76EF853460120A7
:1003D000F3810FE00121F08900F0FAFA318904007D
:1003E000708A00F0F5FA0100200000F0F9FA002808
:1003F00053DD002015B0F0BCBB46B246A946A0466E
:10040000F0BD3189708A00F0E3FA0100504600F037
:10041000E7FA0028EDDC0C9537897068390002F0A6
:100420009FFF39000400504602F0AEFF89B26143DD
:100430003068042240180CA902F064FD5B4606985F
:1004400000932A0000230599F6F746F80120D1E72A
:1004500001339BB20891BB42CBD812E70121504631
:1004600000F0B6FA348933688246210070689946F4
:1004700002F076FF83462100504602F085FF5B467E
:1004800089B259430B1D4B44042249440CA80593DF
:1004900002F038FD0C9B9B46E3E635897068290025
:1004A00002F05EFF80462900200002F06DFF434607
:1004B000049A8DB290465D43337B37689844434637
:1004C000042278190CA90C9302F01CFD337B04352F
:1004D00006980093424600237919F5F7FDFF0120A5
:1004E000F48187E70BAB049325E7C0464100011078
:1004F000F0B5D6464F4646469846C0B5040082B091
:100500008946008A0121170000F062FA43461880EC
:10051000258906002900606802F022FF8246290032
:10052000300002F031FF53468DB25D4323682A1D2F
:100530009B184A46136021680422491901A802F059
:10054000E1FC019B30003B60E18900F049FA0028A2
:1005500006DD002002B0E0BCBA46B146A846F0BDB8
:10056000237B3A689A42F4D9618A208A00F034FAEF
:1005700023898342EDD043461888E389208298423C
:1005800001D00120E6E7012100F022FAE0810120FC
:10059000E0E7C046D0B50400018A408A16001F007B
:1005A00000F01EFA002806DB012600200E4F7642DE
:1005B000A661E761D0BD2022A35C002B07D10133E7
:1005C000A354002064220023B6185F41F0E7E269DB
:1005D000BA42F6DC02D1A269B242F2D8202201333B
:1005E0000120A354EEE7C046FFFFFF7F408A70471B
:1005F000F0B546464F46D6461D002123C0B5C35C24
:1006000004000E001700984682B0002B25D100236D
:100610009846404602B0E0BCBA46B146A846F0BD96
:100620002389288819009A4602F0AEFE8BB29946BB
:100630006068514602F094FE4B4658432368021D01
:100640009B18336021680422091801A802F05AFCA3
:10065000019B3B60227B9A42DBD10121288800F07C
:10066000B7F92880218A00F0BBF90028D8DD2123C2
:100670000022E254CBE7C046F0B5D6464F46464688
:100680000400C0B5100082B08846012100F0A4F932
:10069000618A00F0A1F9071E1FD000260121608A9F
:1006A00000F096F9237B05000193238960821900ED
:1006B00060689A4602F054FE81465146280002F0D6
:1006C00063FE4B4689B25943206804224018013624
:1006D00001A902F017FCB742E0D843465A1E9341E5
:1006E0002122A35420230022E25402B0E0BCBA46E7
:1006F000B146A846F0BDC04610B5018A408A00F058
:100700006FF943425841C0B210BDC046F0B5CE4665
:10071000474680B50589060083B0002D24D00368C4
:1007200029004068994602F01BFE002480460027FD
:100730002900200002F028FE434689B259430422D2
:10074000494401A802F0DEFB019B327B9A4201D1B1
:100750000137BFB20134A4B2AC42E9D1380003B0D2
:10076000C0BCB946B046F0BD0027F7E770B594B0FD
:1007700006AC237100230492189A6371A3711300CD
:100780000591591E8B4105002373002A22D09388BE
:100790006382538823821388E381D3881022A38243
:1007A0000023019308330093280005990CABF7F759
:1007B00059FB0026002802D1300014B070BD049906
:1007C00022002800F7F78EFC210006000CA8F9F79C
:1007D00069FCF1E70822E3E770B594B005920022C6
:1007E00006AC0023A2710122A3802273E381A382BD
:1007F0000A930193083300930F320CAB0500F7F70F
:1008000031FB0026002802D1300014B070BD0599DC
:1008100022002800F7F766FC210006000CA8F9F773
:1008200041FCF1E7F0B54746CE4680B595B01D00D6
:100830001EAB1B8807000C0016009846002D04D044
:1008400015B0C0BCB946B046F0BD1CAB04CB89683E
:1008500004921D9A0CA8059262689B78521A9946D8
:10086000F5F74CFEE269A1690CA8F5F71DFEE369F6
:10087000002B27D04A461D75072A61D0082A2DD0A3
:10088000062A06D001221A7531002000F5F78EFEE7
:10089000D6E78232BD58002DF4D08C230621FB58B8
:1008A00005AA917002930CAB424600933800049B5A
:1008B00005990196A847B4230122FA54E369002B55
:1008C000E0D1E1E74B46072B53D0082B4CD0062B49
:1008D000DAD18823FD58002DDFD1D5E7A422BA58FC
:1008E000002ACFD006A90CA8109DF9F7A5FC002876
:1008F00001D1E369E3E70E990D9A109B521A0CA8F7
:10090000ED1AF5F7FBFDE269A1690CA8F5F7CCFD3E
:10091000A423FB5808219946A823FB5805AA75195A
:100920009170ADB202930CAB42460093380006AB17
:1009300005990195C847B4230122FA54E369BEE73B
:10094000AC22BA58002A0BD006A90CA8109DF9F7C2
:100950002FF9002815D1A268E3699219A260AEE7C9
:10096000A2689219A2608DE79C33FB58002BB9D185
:100970008AE7AC23FB58002BE6D1A3689B19A36040
:1009800082E70E990D9A109B521A0CA8ED1AF5F7F2
:10099000B5FDE269A1690CA8F5F786FDAC23FB580B
:1009A000B02299466B4607201B8BBA5805A97519CA
:1009B0008870ADB202925BBA0CAA9BB2009238006A
:1009C000424605990195C847B4230122FA54C2E76B
:1009D000401880B27047C046401A80B27047C04687
:1009E000884210D007D28023091A1B0201209942A5
:1009F00000DA404270478023411A1B0201209942CD
:100A0000F8DD4042F6E70020F4E7C046002370B569
:100A100082B0041E01931AD01B4801A9FCF78AFE7C
:100A20000125002802D0280002B070BD019E337855
:100A3000002B08D03000154902F0E8F8002808D152
:100A400025700025EFE7032300252370EBE70B2536
:100A5000E9E730000E4902F0D9F800280FD0300045
:100A60000C4902F0D3F80028EDD030000A4902F01A
:100A7000CDF8002803D1042300252370D3E70223F7
:100A800000252370CFE7C046A43E0110C43E0110EC
:100A9000C83E0110D43E0110DC3E011003000020CE
:100AA000042B02D8014A9B00985870476C490110EA
:100AB000F0B5CE464746002380B58DB004000D004A
:100AC0000493002854D0002952D02E4804A9FCF7E2
:100AD00031FE002805D001200DB0C0BCB946B0469B
:100AE000F0BD049B002BF6D005AE300000F0AEFC4C
:100AF000049B6A469C462B000396083383CB83C233
:100B00003B2160462A686B6800F0D8FB0028E2D1E0
:100B10002A002000059900F001FD00282ED1059B38
:100B200000259946002398464B46002B1AD073683F
:100B3000AA00D758380002F05BFAFF281AD82B0217
:100B400099468022606852004844390001F0E8FD6F
:100B50004246636801354B44FF331A703368994647
:100B60009D42E4D3300000F0ABFC431E9841B3E754
:100B70000B20B1E701354D45D9D3F3E7F9F764FC14
:100B8000AAE7C046EC3E0110002330B583B0041E36
:100B9000009321D069461448FCF7CCFD002801D011
:100BA000012006E0009B002B02D01A78002A02D117
:100BB000002003B030BD01900022180001A901F00F
:100BC00007FC051E0AD0431C04D102F007F8036895
:100BD000222BE5D02560EBE70B20EAE7019B1B7891
:100BE000002BDDD12560E3E7CC3F0110F0B5DE46F8
:100BF00057464E464546E0B504000F0016009B469A
:100C00008FB0002800D1B7E0002900D1B4E0002A5D
:100C100000D1B1E0002B00D1AEE01D9B002B00D134
:100C2000AAE000220DA900F069FA8046002800D051
:100C3000A4E00D9B002B00D0ACE0002238000DA9F1
:100C4000FDF734FA002800D0A0E00D9B002B00D067
:100C5000A3E0002230000DA9FDF70AFA002800D019
:100C600094E00D9B9846002B00D01AE17B212000D8
:100C700001F0B4FC237805002F2B00D190E07E2BEF
:100C800000D011E1300002F0B3F9012800D11DE1DC
:100C9000914A631C059380231B0101931C9B0292C4
:100CA0000093189819991A9A1B9B04970396FCF7BE
:100CB0006DFD0890002800D1FDE0002D00D1A8E0D6
:100CC0007B21814601F08AFC0500844B0B9406933E
:100CD000834B4C460793834BB246099343460A9392
:100CE000089B99465B46BB4608932CE032002900DE
:100CF000099801F0DBFCD04600286AD16A461AAB9D
:100D000083CB83C228003100189A199BFCF796FE0A
:100D1000051E00D1D3E001004246200018ABFCF7CD
:100D200071FD1C990400199B2800984748461C999E
:100D3000199B9847002C00D1BDE07B21200001F0D9
:100D40004DFCA1460500002D00D188E07D2120004A
:100D500001F044FC471B7E1C32002900069801F07C
:100D6000A5FC002833D032002900079801F09EFC32
:100D70000028BBD1D046C1E70B23984640460FB0B0
:100D8000F0BCBB46B246A946A046F0BDF9F75CFBF5
:100D90008046F3E767239846F0E7C9239846EDE7D6
:100DA0000023A1460893002800D08EE76A461BABBB
:100DB00003CB03C220001A9B1899199AFCF708FE6E
:100DC0001D9B18600028D9D10A239846D6E7D8463B
:100DD00094E708987A1E691CFCF754FF80460028A7
:100DE00000D08BE71D9A4F4610606A461AAB13CBB2
:100DF00013C23100189A199B2800FCF71FFE1C999A
:100E0000199B9847199B38001C9998476923984665
:100E1000B4E7089B1B782F2B1DD0300002F0E8F8B8
:100E2000012855D0304B029380231B01089D01936C
:100E30001C9B19991A9A009318981B9B049503966A
:100E4000FCF7A4FC0400199B28001C999847230078
:100E50000894002B2FD01D9B089A1A608EE74B46F2
:100E60000A9A564690460B9C0893002BD1D12378C2
:100E70002F2BF0D0300002F0BBF801282AD01A4BFB
:100E8000029380231B0101931C9B189800931999CE
:100E90001B9B1A9A04940396FCF778FC03000890B5
:100EA000D7E7CA23984669E70023A146089300289C
:100EB00000D00AE7DEE700231D9A136084E71D9B3C
:100EC00048461D601C99199B98477DE7074AE0E654
:100ED000074BA8E7064BD3E7DC3F0110E43F0110C6
:100EE000EC3F0110F43F0110543A01100C3901108D
:100EF0001C3901104342584143420B2018407047AF
:100F0000020010B5014B12CB12C210BD8049011076
:100F100082B0F0B587B001AC0D9323000C920CAAFF
:100F200005000E0083CA83C303CA03C32000F3F77E
:100F30004DFC002829D0002D27D06B686420002BA1
:100F40001ED1002E21D03000F9F794FA00281ED0CF
:100F50001C202169019B9847071E68601FD03068DC
:100F6000283000F017FC386068680668002E10D042
:100F70000123037108300ECC0EC00CCC0CC0002035
:100F800007B0F0BC08BC02B018470B20F8E765209A
:100F9000F6E721696368984701206E60F0E70A2050
:100FA000EEE7C04682B0F0B54746CE4680B587B082
:100FB00001AD0F932B000FAC06008846170007CC3D
:100FC00007C3280006CC06C3F3F700FC002828D08E
:100FD000002E26D0736864209946002B19D1002F6B
:100FE0001FD03800F9F746FA00281CD01C202969C8
:100FF000019B9847041E706023D04346002B14D0F9
:1010000003604B460371002008340ECD0EC40CCD96
:101010000CC407B0C0BCB946B046F0BC08BC02B0B6
:1010200018470B20F5E76520F3E73868283000F013
:10103000B1FB206074682768002F04D0012323715E
:10104000E1E70A20E5E7200029696B68984701205D
:101050007760DEE7F8B5041E1DD0406800280ED08A
:101060000368C6688769002B0BD002790025002A27
:1010700009D13900B047002363602800F8BD00257E
:10108000FBE70025F5E7180000F098FB431E9841A8
:1010900005006068EDE70B25EFE7C04670B586B048
:1010A0006D46094C06002800F3F786FB220023005A
:1010B00013CD13C203CD03C2320013CB13C203CB33
:1010C00003C2300006B070BDD460002010B5002807
:1010D00008D04368002B05D0186800F085FB431E3C
:1010E000984110BD0B20FCE7002804D04068002880
:1010F00000D0006870470020FCE7C046F0B54E46BF
:101100004546DE465746E0B504000D00160083B0A4
:10111000002820D000291ED001F06AFF002812D03C
:1011200004232178634A575C3B420DD1431E9C4601
:10113000E35C2F2B17D12D3B2B60002E01D0634693
:101140003360002008E001232B60002EF9D000233B
:101150000020336000E00B2003B0F0BCBB46B24679
:10116000A946A046F0BD00239B4699460193524BE9
:101170009A46019BE35C98462F3BDBB24F2B2FD85E
:1011800057469B00FB589F464B46002B35D1019B91
:101190009B4601239946019B013301939842E8D174
:1011A0004B46002B45D005232B60002EC9D05B4653
:1011B00000203360D0E74346D35C5B07EBD54B465A
:1011C000002BE8D0019B002BE5D0013B9B45E2D1F1
:1011D00009232B60002EB4D0019B00203360BBE7B5
:1011E0004B460422013B934308332B60002EF3D17E
:1011F0000020B1E74B46002BCDD008232B60002EFA
:10120000EAD10020A8E7019F002FC4D006232B605D
:10121000002E96D0002037609EE74B46002B05D16C
:1012200005332B60002ED7D1002095E70023994687
:10123000B1E77E2920D0042001210023804605E06B
:10124000019F0133481C8F4212D901009C45F7D001
:10125000E05C2F28F4D14746605C105C0742EFD079
:1012600004232B60002E00D16BE70020316073E770
:10127000002300202B606FE701210023042008E0F9
:10128000012B10D04F1CB846019F01338F42EFD97C
:1012900041469C45F6D0E75C2F2FF1D1675CD75DC6
:1012A0000742EFD0DCE707222A60002E00D148E792
:1012B000336046E7C94A01108849011082B0F0B591
:1012C00057464E464546DE46E0B58DB017931B9B0C
:1012D00006000F0098461692002B00D1B2E00028BD
:1012E00000D182E00578002D00D17EE001F080FE83
:1012F000ED1B6B425D413318013B1B78DB1B5A42EF
:101300005341C31A9B469D4200D389E00121AC465C
:101310007219F01813780132DB1B5C426341C91863
:101320008242F7D1404616AA644600F0ABF8002886
:101330006BD100239A4643465A68434B039302E01D
:1013400001345C4526D2335DBB42F9D1AC4243D077
:10135000514689008946631B029301919144981C70
:101360001A99169B98474B461860434601985B684C
:101370001858002846D00299039A73190131F1F7E1
:1013800093FE01239C4643465A68E24401342500FB
:101390005C45D8D3AC424CD0534691469F00641B69
:1013A000169B1A99B944A01C98474B4618604346AF
:1013B0005B68D859002828D0234A7319611CF1F7BB
:1013C00073FE00200DB0F0BCBB46B246A946A04655
:1013D000F0BC08BC02B01847434641461B68013BBD
:1013E0000B6000219B00D150D0E704AC200000F03E
:1013F0002DF82000434616C816C316C816C3026847
:101400001A60DEE7434652461A60404600F058F83C
:10141000002801D10A20D5E7F3F704FA0A20D1E722
:101420000121404616AA00F02DF80028EDD14346D0
:101430005A68434641461B68013B0B6000219B00F4
:10144000D150BEE70B20BDE71039011070B586B052
:101450006D460B4C06002800F3F7A4F92200083271
:10146000230013CD13C203CD03C2320013CB13C22A
:1014700013CB13C230001B68136006B070BDC046AA
:10148000C05C002070B505000E00141E15D00028A9
:1014900013D00160126904213000E3689847686046
:1014A000002806D0002008350ECC0EC50CCC0CC58B
:1014B00070BD002EF6D00A20FAE70B20F8E7C046F0
:1014C000F8B5041E20D04368002B1BD00830F3F77A
:1014D0007DF9002818D023686068002B0CD0002507
:1014E0000027AE008059E368A169984760682368C7
:1014F00001358751AB42F4D8E368A16998470023CE
:10150000636023600020F8BD0B20FCE710B50400E9
:101510002022002101F014F8200010BD70B5040055
:101520000E001500002822D01000F3F74FF9002814
:101530001DD0A368002B1AD16368002B17D1237824
:10154000002B01D102332370002E0ED080213000F9
:101550002A69EB68490098476060002809D0A660B6
:101560000C340ECD0EC40CCD0CC4002000E00B20BA
:1015700070BD0A20FCE7C04682B002B07047C0468A
:10158000F0B5C64600B594B012931AAB20CB1391B8
:101590001E88234B1B68002B2DD04C216A46521805
:1015A0004E2011886A461218107802E05B68002B02
:1015B00021D09C68A28A8A42F8D1A27D8242F5D1CC
:1015C000210048223031684601F09CFC2000A26ACC
:1015D000E36AF3F73DFE071E0DD083683200190061
:1015E000280010319846FEF78BF9002807D1390002
:1015F0000C48FCF7CDFD14B080BCB846F0BD4246A7
:10160000094BD450043BD650FEF734F8074B052263
:10161000434418605960822341461B01CA54EAE7DB
:101620003C62002028620020140800001808000016
:10163000F0B54746CE4680B595B01D001CAB80CBBB
:1016400013911B889846224B1968002903D121E089
:10165000496800291ED08C68208B9042F8D1210067
:1016600048222831684601F04DFC2000226A636A56
:10167000F3F7EEFD061E0DD08368424619003800D0
:1016800010319946FEF73CF9002808D13100114885
:10169000FCF77EFD15B0C0BCB946B046F0BD4A4669
:1016A00041460D4BD450043BD1500C4B4B4407CD1D
:1016B00007C307CD07C3FDF7DDFF094B03224B44EA
:1016C00018605960822349461B01CA54E2E7C046AC
:1016D000E0610020286200201408000028080000B3
:1016E00018080000F0B54746CE4680B595B0139176
:1016F0001CA980C91D000B889846214B1968002938
:1017000003D121E0496800291ED08C68208B9042CB
:10171000F8D1210048222831684601F0F3FB20006F
:10172000226A636AF3F794FD061E0DD08368424671
:101730001900380010319946FEF7E2F8002808D168
:1017400031001048FCF724FD15B0C0BCB946B046C6
:10175000F0BD4A4641460C4BD450043BD1500022C8
:101760000A4B4B445A601D60FDF784FF084B04226E
:101770004B4418605960822349461B01CA54E3E771
:10178000E05C002028620020140800002808000007
:101790001808000070B505000748FCF7E5FC0028B4
:1017A00009D0002384682374E561FCF78FFD606134
:1017B0002000A461143070BD34610020020009488B
:1017C00010B50168002903D10AE04968002907D053
:1017D0008B6814339A42F8D1FCF7DAFC002000E061
:1017E000012010BD3461002010B5041E04D0006833
:1017F000F3F7C0FE002801D1012010BD012263686B
:1018000000201A74F9E7C046024B0A4601461868E0
:1018100000F002B87012002038B5A1FB021434BBEE
:1018200000F090F8054630B350F8042C22F0030283
:10183000043A242A0CD8132A0FD91B2AC0E90044E1
:1018400012D9242AC0E9024418D000F1100205E0A0
:10185000214600F075FE284638BD02460023284682
:10186000C2E90033936038BD00F10802F6E701F0E9
:10187000B5F90C2303600025284638BD00F1180295
:10188000C0E90444EAE700BF00B583B0044B014659
:1018900001AA186800F006F803B05DF804FB00BF69
:1018A000701200202DE9F047DFF8749080460E4654
:1018B000174601F0CBFBD9F800504DB133783446D0
:1018C00063B13D2B0AD014F8013F3BB13D2BFAD157
:1018D000404601F0C1FB0020BDE8F0873D2BF7D06A
:1018E0002868A41B0028F3D02246314600F0DEFE13
:1018F00028B92868035D00EB040A3D2B04D055F895
:10190000040F0028F0D1E3E7D9F800304046ED1A83
:10191000AD103D6001F0A0FB0AF10100BDE8F087C9
:10192000B8130020024B0146186800F00BB800BF46
:1019300070120020024B0146186801F0EFBB00BF97
:101940007012002001F10B03162B2DE9F04F074612
:1019500083B023D8102900F2AF8000F0AFFA102531
:1019600018230220BA4E33445C68A3F10802944263
:1019700000F056816368384623F00303D4E902126D
:101980002344CA6091605A68083442F001025A60E8
:1019900000F09AFA204603B0BDE8F08F002B23F048
:1019A0000705C0F28980A94200F2868000F086FA1D
:1019B000B5F5FC7FC0F07B826B0A00F08480042BBD
:1019C00000F26281AB0903F1390003F1380EC30064
:1019D0009F4E3344A3F1080C5C68A44507D10DE089
:1019E000002AE16880F216818C450C4606D06368B7
:1019F00023F003035A1B0F2AF2DD7046DFF86882DA
:101A00003469444500F0F280636823F0030CACEBCA
:101A100005030F2B00F37481002BC6E9048880F2C4
:101A20006381BCF5007FD6F804E080F0FF804FEAC8
:101A3000DC0301224FEA5C1C013302FA0CF256F877
:101A400033104EEA020E06EBC302083AC6F804E071
:101A5000C4E9021246F83340CC6083104FF0010C09
:101A60000CFA03FCF44534D81CEA0E0F07D120F021
:101A700003004FEA4C0C04301CEA0E0FF9D006EBC1
:101A8000C00A8146D646DEF80C300BE05A681C4688
:101A9000DB6822F00302511B0F2900F301810029AA
:101AA00080F215819E45F1D109F101090EF1080E70
:101AB00019F0030FE7D158E10C233B6000242046C6
:101AC00003B0BDE8F08F4FF4007340204FF03F0E9D
:101AD0007EE7B468636823F00309A945A9EB050311
:101AE00002D30F2B00F385805A4B08201B6803F1AB
:101AF000100804EB0903009301F07AF8564AA84451
:101B000083461368013305D008F1FF38434280440F
:101B100003EA08084146384601F04EF8B0F1FF3FAD
:101B200082464D4A00F0078104EB0903834200F22C
:101B300000814A4B0BF1FF3C18684044186000F0EC
:101B400064811168013100F06C8104EB0902AAEB99
:101B5000020202441A601AF00702CDE9002300F0E5
:101B60002781C2F10802384692445A44D04408EA18
:101B70000C01521A02EA0C0B594601F01DF8421CE6
:101B8000019B00F06A81A0EB0A0000EB0B081868CB
:101B900048F00102B442C6F808A05844CAF804202C
:101BA000186017D0B9F10F0F40F23E816168A9F1BA
:101BB0000C024FF0050C22F0070201F00101114365
:101BC0000F2A616004EB0201C1E901CC00F24D81F2
:101BD000DAF80420224B54461968814238BF186055
:101BE000204B1968814238BF1860A6E0D6F804E09F
:101BF00033E7621945F0010543F00103083444F866
:101C0000045C3846B260536000F05EF9204603B0D1
:101C1000BDE8F08FA26823443846D1608A60B2E6FE
:101C2000DC68A3427FF4A6AE0230E7E6BCF5206F85
:101C30004FEA5C2276D3142A00F2CD8002F15C03D5
:101C40005B32DB00F118F3580839994211D1A5E055
:101C5000680E0020585B00205C0E0020285B0020EE
:101C6000505B0020545B0020700E00209B6899425E
:101C700004D05A6822F003026245F7D8D968C4E953
:101C800002318C60DC60E8E6142B63D9542B00F23F
:101C9000AB802B0B03F16F0003F16E0EC30097E6D0
:101CA000D4F808C03846671945F001056560CCF8DE
:101CB0000C30C3F808C041F00103C6E90477C7E956
:101CC00002887B60A150083400F0FEF8F7E6224459
:101CD0003846516841F00101516054F8082FD36033
:101CE0009A6000F0F1F8EAE6A44438460834DCF8DB
:101CF000043043F00103CCF8043000F0E5F8DEE6F0
:101D0000621943F0010145F0010538466560C6E9F6
:101D10000422C2E90288516044F80C30083400F013
:101D2000D3F8CCE64FEA9C1202F139033832DB00DB
:101D300088E7B44262D0B468626822F00308A8451C
:101D4000A8EB050302D30F2B3FF753AF384600F043
:101D5000BBF8B3E603F15C0003F15B0EC30037E6AA
:101D60005AF80839534540F0A08010F0030F00F1F5
:101D7000FF30F5D1736823EA0C0373604FEA4C0C13
:101D80000CF1FF329A4204D3A3E64FEA4C0C09F15E
:101D900004091CEA030FF8D0484670E692104FF091
:101DA000010C0CFA02F24EEA020EC6F804E066E7F5
:101DB0000AEB0802384602EA0C02ABEB020B0BEA14
:101DC0000C0B594600F0F8FE431C019B7FF4DBAE80
:101DD000DDF800B0DBE6542A2AD84FEA1C3202F1C3
:101DE0006F036E32DB002DE7B3F5AA7F2AD8EB0B29
:101DF00003F1780003F1770EC300E9E52E4B0BF1F8
:101E0000FF3C1868404418609BE61AEA0C0F7FF408
:101E100098AEC844D6F808A048F00102CAF80420D9
:101E2000D8E6C2F800A096E60123CAF804308DE790
:101E3000B2F5AA7F24D84FEADC3202F17803773278
:101E4000DB00FFE640F25452934224D8AB0C03F17E
:101E50007D0003F17C0EC300BAE5009A4FF0000B41
:101E6000083A9044A8EB0A0891E6384604F10801C4
:101E7000009301F053F9009BD6F808A01868A7E674
:101E800040F254539A420CD84FEA9C4202F17D032F
:101E90007C32DB00D6E64FF47E737F204FF07E0E5F
:101EA00096E54FF47E737E22CCE6736866E7E80819
:101EB00005F1080356E500BF285B0020014800F04B
:101EC00093BE00BF245B0020014800F08FBE00BF1E
:101ED000245B0020024B00221B68C3E926027047E6
:101EE000701200200C4B0D4819680D4AD1F898303B
:101EF00010B403FB00F0D1F89C4002FB04005DF835
:101F0000044BA3FB0232013340EB0200C1E926304F
:101F100020F00040704700BF701200202DF451588F
:101F20002D7F954C024B0A460146186800F002B816
:101F3000701200202DE9F04F164683B0002900F002
:101F40009E800C4606F10B058046FFF7B7FF54F85C
:101F5000040C162DA4F1080920F0030762D8102202
:101F600000231546B542C0F0A280002B40F09F80B0
:101F7000974261DADFF82CB309EB0701DBF8083090
:101F8000D1F804C08B4200F09A802CF001030B447E
:101F90005B68DB0768D42CF0030C07EB0C0393425F
:101FA00045DAC30712D454F8083CA9EB030ADAF85F
:101FB000043023F0030084440CEB070B5A4540F334
:101FC000018107EB000B5A4540F3D780314640466C
:101FD000FFF7B8FC0646002800F02C8154F8043CBA
:101FE000A0F1080223F001034B44934200F0B480B7
:101FF0003A1F242A00F2E280132A00F2B38003463B
:102000002246116819605168596092689A602146A9
:10201000404601F083F84046FFF756FF304603B0D4
:10202000BDE8F08F25F007052A46EB0F9AE71F461B
:10203000D1E90223D3609A60781BD9F8043009EB08
:1020400007020F2803F001031FD83B43C9F80430EF
:10205000536843F00103536026464046FFF734FFC0
:10206000304603B0BDE8F08FC307AFD454F8083C46
:10207000A9EB030ADAF8043023F00300A1E71146C4
:1020800003B0BDE8F04FFFF75DBC2B4309EB050142
:1020900040F00100C9F80430083141F8040C404612
:1020A000536843F00103536001F038F8D4E70C2380
:1020B000C8F800300026304603B0BDE8F08F2CF0A1
:1020C000030C05F110010CEB07038B4280F29280A8
:1020D000C0073FF57BAF54F8083CA9EB030ADAF8D8
:1020E000043023F0030084440CEB070399423FF7CC
:1020F00068AF3A1F5646DAF80C1056F8080F242A33
:10210000C160886000F2B080132A40F2AB80216881
:102110001B2ACAF808106168CAF80C1000F2AB80DC
:1021200008340AF110022168116061685160A168E9
:1021300091605B1B0AEB0502404643F00103CBF8BC
:1021400008205360DAF8043003F001032B43CAF887
:102150000430FFF7B9FE83E750F8043C23F0030393
:102160001F4469E723681B2A03606368436036D80D
:1021700004F1080200F1080343E73A1F5646DAF873
:102180000C30242A56F8081FCB60996022D8132AF5
:102190001ED923681B2ACAF808306368CAF80C30B5
:1021A0003CD808340AF1100322681A6062685A6049
:1021B000A2689A6034465F46D1463DE7214600F06A
:1021C00041F924E7D1E902133A1FCB609960D5E7C2
:1021D0003346E9E72146304600F034F9EAE7A368E0
:1021E000242A8360E368C36028D004F1100200F160
:1021F000100306E75B1B09EB05024046264643F049
:102200000103CBF80820536054F8043C03F00103A9
:102210002B4344F8043CFFF757FE21E7A368242A28
:10222000CAF81030E368CAF8143010D010340AF13C
:102230001803B9E74046FFF747FE3BE7236904F17F
:10224000180203616369436100F11803D9E6236949
:102250001834CAF8183054F8043CCAF81C300AF193
:102260002003A1E732465EE721463046019300F0A5
:10227000E9F8019B5DE7A168242ACAF81010E1681B
:10228000CAF8141003D010340AF118024BE722697F
:102290001834CAF8182054F8042CCAF81C200AF183
:1022A000200240E7680E00202DE9F04707460E4661
:1022B0004548354616F801EB10F80EC01CF0080C26
:1022C000F7D1BEF12D0F63D0BEF12B0F3AD064468B
:1022D00033F010003ED04FF0FF389A46B8FBF3F8C9
:1022E00003FB08F96FEA0909002528460EE0AEF164
:1022F000370C63451DDD013504D0404502D834D18B
:10230000CC4532DD4FF0FF3516F801EBAEF1300C65
:10231000BCF1090FEDD9AEF1410CBCF1190FE6D9B2
:10232000AEF1610CBCF1190F03D8AEF1570C634547
:10233000E1DC6B1C25D004B140420AB135BB116011
:10234000BDE8F08733F0100096F800E0644605F130
:102350000206C0D1BEF1300F1FD05BB90A234FF087
:102360000509DFF868809A46BEE70AFB00C0012530
:10237000CAE70BB310234FF00F096FF070489A466D
:10238000B2E7222328463B60002AD9D0711ED6E747
:1023900096F800E00124AE1C9AE7307800F0DF00E8
:1023A0005828E6D1102396F801E04FF00F090236C5
:1023B0006FF070489A4697E708234FF007096FF0CF
:1023C00060489A4690E700BFC94A01109999991947
:1023D00010B4044C13460A46014620685DF8044BCD
:1023E000FFF762BF70120020032A30B412D941EA0D
:1023F000000484460B46A40721D11946604653F8D1
:10240000044B5CF8045BA54219D1043A032AF4D8C2
:1024100060461946541E7AB1431E0139021901E083
:102420009A4209D013F8010F11F801CF6045F7D097
:10243000A0EB0C0030BC7047002030BC7047541E2D
:10244000EAE700BF88420DD98B1883420AD900EB16
:10245000020C5AB3624613F801CD994202F801CD3D
:10246000F9D170470F2A0DD802F1FF3CF2B10CF1FF
:10247000010C431E8C4411F8012B614503F8012F18
:10248000F9D1704740EA01039B07F0B50C460ED026
:1024900002F1FF3C03460CF1010C013B8C4411F8A6
:1024A000012B614503F8012FF9D1F0BD7047A2F16E
:1024B000100501F1200E01F1100300F1100C25F0C0
:1024C0000F05AE4453F8106C10330CF1100C4CF89F
:1024D000206C53F81C6C4CF81C6C53F8186C73454A
:1024E0004CF8186C53F8146C4CF8146CEAD101EBEE
:1024F000050C12F00C0F05440CF1100105F110034E
:1025000002F00F050E4618D0043DA0EB040E25F096
:102510000304A4440CF1140C0F6801EB0E05043104
:102520002F606145F8D1043402F00302A11923445D
:1025300002F1FF3C002AAED1F0BD2A46F8E700BF09
:10254000830730B546D08418844604E003F8011BA5
:102550009D0704D09C46A4456346F7D130BD013A9F
:102560000244A2EB0C02032A29D9CCB20F2A04EBB5
:10257000042404EB04442FD9A2F1100C03F110053C
:102580002CF00F0CAC44C3E90044C3E902441033FF
:102590006345F8D112F00C0F02F00F0E18D02EF098
:1025A000030CAEF104051A469C4442F8044B624504
:1025B000FBD125F0030404330EF003022344002A68
:1025C000CCD0C9B21A4403F8011B9342FBD130BDF1
:1025D0007246F4E70346C6E79646E0E711F0FF01CE
:1025E000034600F0030239D08ABB10B501EB012E7F
:1025F00002680EEB0E4EA2F101338EEA020423EACA
:102600000203A4F1013222EA0402134313F0803FD3
:102610000FD150F8044F84EA0E0CA4F10133ACF151
:10262000013223EA040322EA0C02134313F0803F31
:10263000EFD0037823B936E010F8013F002B32D0F9
:102640009942F9D110BD8A4228D09A0729D01A7828
:1026500018460133002AF6D110467047CAB90268FD
:10266000A2F1013323EA020313F0803F08D150F8AE
:10267000042FA2F1013323EA020313F0803FF6D0C6
:1026800003785BB110F8013F002BFBD1704799072D
:1026900005D0184613F8012B002AF8D170471846C8
:1026A000DDE71846A1E7184610BD00BF82B30B4610
:1026B00030B540EA01048646A40717D1032A07D89B
:1026C00014E0043A22D01CF0803F1FD1032A23D902
:1026D000DEF80040194653F8045B7046A4F1013C53
:1026E0000EF1040EAC422CEA040CEAD00378013A55
:1026F0000C78A3420ED1024406E03BB110F8013F32
:1027000011F8014FA34205D19042F6D1002030BD0F
:1027100010467047181B30BD70461946E6E700BFEB
:1027200040EA01039B0730B501D1032A17D884463C
:1027300001F1FF3E07E01EF8011F541E03F8011BC4
:1027400029B122469C466346002AF4D130BD002CB4
:10275000FCD0944403F8011B6345FBD130BD0C460B
:102760008446256821460434A5F1013323EA050394
:1027700013F0803FDCD1043A4CF8045B032AF0D814
:102780002146D5E701292DE9F0415DD94FF0010837
:1027900000244FF0FF35C646434608E0A3EB05088A
:1027A0001C464FF0010E04EB0E03994210D900EBCA
:1027B000050CC75C1CF80E60B742EFD332D04FF067
:1027C00001082546C646444404EB0E039942EED860
:1027D000012700244FF0FF36C2F80080BE463B467A
:1027E00007E09F1B1C464FF0010E04EB0E039942BD
:1027F00010D900EB060C10F803801CF80EC0E04561
:10280000EFD814D001272646BE463C4404EB0E0305
:102810009942EED80136681C864201D330461760D3
:10282000BDE8F081C64507D00EF1010EBBE7BE45FD
:1028300006D00EF1010ED8E774444FF0010EB2E756
:1028400074444FF0010ED0E701270026E6E700BFF1
:102850002DE9F04FADF21C4D934680468A4605ADFA
:10286000194658461C462A46FFF78CFF2B468146E0
:102870000DF2144243F8044F9342FBD174B1601E31
:102880000BF1FF32584412F8011F06AEA31A824220
:1028900003F1FF335B4446F82130F4D12B684A46FC
:1028A00058460BEB03010193FFF79EFD002877D1FB
:1028B00044F400630746AAEB040E661E0546029325
:1028C000AE4510D308EB050C06AA1CF8063052F8EA
:1028D0002330BBB11FB1019A9A4288BFA31A1D448D
:1028E0000027AE45EED208EB0A00029900F00AFD7F
:1028F0008244AAEB040EAE45E4D200200DF21C4D3A
:10290000BDE8F08F4F453B4638BF4B469E4218D935
:10291000591EEA1800955944424402E001339E4290
:102920000ED012F8010B11F8015F8542F6D09E42DD
:10293000009D06D9C9F1010200272A44D518BFE736
:10294000009D4F4509F1FF3380F0818005EB0902BE
:102950000BEB090100954244CDF80C9002E09F4238
:1029600013D04B4611F8015D03F1FF3912F8010D48
:102970008542F4D0009D0133DDF80C9001379F4271
:1029800009D8019B1D44E71A9AE70137009DDDF83D
:102990000C909F42F5D960460DF21C4DBDE8F08FBA
:1029A000A4EB0903AAEB040E661E4B4538BF4B4649
:1029B00001332B600025019344F400630093AE457E
:1029C00009D308EB050006AA835D52F823306BB1EA
:1029D0001D44AE45F5D208EB0A00009900F092FCC8
:1029E0008244AAEB040EAE45EBD286E7B14517D27E
:1029F00009F1FF3105EB09024B465944424402E01C
:102A00000133B3420CD012F8017B11F801CFBC4561
:102A1000F6D09E4204D9C9F101022A44D518CEE766
:102A2000B9F1000F3FF46AAF05EB09010BEB0902A6
:102A3000414402E05B453FF461AF12F801CD11F86B
:102A4000017D1346BC45F5D0019B1D44C1E74B46B3
:102A500094E700BF2DE9F0410D46097890B0044697
:102A600000294AD06A78002A6BD0AB78002B48D076
:102A7000E878002879D02B79002B67D0284600F021
:102A8000B7FA0646204646F4007100F03BFC864249
:102A900046D8FE2E00F28780801B4022711C27182A
:102AA0006846FFF74DFD6EB16A1E5FFA86FC90190D
:102AB00012F8013F03F03F03A91A90426B446144AE
:102AC0001970F5D1013CA35D03F03F036B441B7803
:102AD0001C44A74203D228E04444A74225D314F85B
:102AE00006C03246294620460CF03F0CEC449CF8C8
:102AF0000080FFF779FC0028EED1204610B0BDE839
:102B0000F081007842EA014250B140EA0343214695
:102B100014F8010F9A4241D00028F6D19A423DD0D4
:102B20000024204610B0BDE8F081BB5DB819002B31
:102B3000F6D04FF4006100F0E5FB0744A742C1D294
:102B4000EEE710B0BDE8F041FFF748BD2278002A5B
:102B5000E6D0296809BA42EA0323204614F8012F77
:102B6000F2B19942F7D1C41EC7E7120442EA0162EA
:102B7000217842EA03230029D2D0024600E049B17D
:102B800041EA0200254614F8011FB3EB002F4FEA7B
:102B90000022F4D19342C3D1AC1EAEE74C1EACE789
:102BA0009942BDD1DFE7014633462A46204610B0A0
:102BB000BDE8F041FFF74CBE38B50022064D044693
:102BC00008462A60F0F7A6FA431C00D038BD2B68EF
:102BD000002BFBD0236038BDEC600020014B18684F
:102BE000704700BF70120020704700BF704700BFE1
:102BF000082802D14FF48050704708B5FFF7EEFF68
:102C0000162203464FF0FF301A6008BD80EA010C1F
:102C10001CF0030F37D110F0030C20F0030021F05B
:102C2000030150F8042B08BF51F8043B0ED08CF080
:102C3000030C6FF07F434FEACC0C23FA0CFC51F8E5
:102C4000043B42EA0C0243EA0C0300BFA2F1013C40
:102C50009A4201BF2CEA020C1CF0803F50F8042B72
:102C600051F8043BF2D04FEA02604FEA12220128E9
:102C700028BFB0EB036F08BF1B0AF4D003F0FF03BB
:102C8000000EC01A704710F0030F0AD010F8012B85
:102C900011F8013B012A28BF9A42F4D0A2EB0300AD
:102CA00070474DF8045D50F8042B01F0030521F046
:102CB000030151F8043B022D26D04DD822F07F4568
:102CC000B5EB132FA2F1013C2CEA020C0DD11CF044
:102CD000803C08BF51F8043B0AD185EA0205B5EBF8
:102CE000036F0CD150F8042BE8E74FEA13235BE0A5
:102CF0003CF07F4C54D10B784FEA126554E04FEA18
:102D0000126503F0FF034FE04FEA0245A2F1013CD8
:102D10004FEA15452CEA020CB5EB134F18D11CF005
:102D2000803C08BF51F8043B07D185EA0205B5EBAA
:102D3000034F09D150F8042BE6E75FEA0C4C2FD182
:102D40000B884FEA12452FE04FEA03434FEA124542
:102D50004FEA134328E000BF02F0FF05B5EB136F05
:102D6000A2F1013C2CEA020C0DD11CF0803C08BF02
:102D700051F8043B0AD185EA0205B5EB032F0AD1CD
:102D800050F8042BE8E74FEA13630DE012F0FF0F51
:102D900006D051F8043B4FEA122523F07F4303E0AD
:102DA0004FF0000020BC704705F0FF0203F0FF0069
:102DB000012828BF904204BF2D0A1B0AF4D0A2EBC1
:102DC000000020BC704700BF80EA0102844612F078
:102DD000030F4FD111F0030F32D14DF8044D11F014
:102DE000040F51F8043B0BD0A3F101329A4312F0C7
:102DF000803F04BF4CF8043B51F8043B16D100BFA0
:102E000051F8044BA3F101329A4312F0803FA4F130
:102E100001320BD14CF8043BA24312F0803F04BFB7
:102E200051F8043B4CF8044BEAD023460CF8013B24
:102E300013F0FF0F4FEA3323F8D15DF8044B7047CE
:102E400011F0010F06D011F8012B0CF8012B002A0C
:102E500008BF704711F0020FBFD031F8022B12F0FB
:102E6000FF0F16BF2CF8022B8CF8002012F47F4FB6
:102E7000B3D1704711F8012B0CF8012B002AF9D1BE
:102E8000704700BF30B586468007CCB215D00EEB38
:102E90000205F44606E013F8011BA14207D099078A
:102EA00006D09C46654563466046F4D1002030BD9F
:102EB000013A72449E46A2EB0C02032A0CD8002A67
:102EC000F4D07346724401E09A42EFD0184613F8EA
:102ED000011BA142F8D130BD04EB0425714605EB7E
:102EE00005458E4651F8043B6B40A3F1013020EAC2
:102EF000030313F0803FE4D1043A032AF1D88E464D
:102F0000DDE700BF844641EA000313F0030349D123
:102F1000403A23D30B6803604B6843608B6883603F
:102F2000CB68C3600B6903614B6943618B69836143
:102F3000CB69C3610B6A03624B6A43628B6A83622B
:102F4000CB6AC3620B6B03634B6B43638B6B836313
:102F5000CB6BC36340304031403ADBD230320BD3CD
:102F60000B6803604B6843608B688360CB68C36009
:102F700010301031103AF3D20C3205D351F8043B23
:102F800040F8043B043AF9D2043208D0D2071CBFFF
:102F900011F8013B00F8013B01D30B880380604628
:102FA000704700BF082A13D38B07B1D010F003037A
:102FB000AED0C3F10403D21ADB071CBF11F8013BEA
:102FC00000F8013BA4D331F8023B20F8023B9FE715
:102FD000043AD9D3013A11F8013B00F8013BF9D288
:102FE0000B7803704B7843708B7883706046704722
:102FF00020F0030110F00300C0F1000051F8043B81
:1030000000F1040C4FEACC0C6FF000021CBF22FA56
:103010000CF213434FF0010C4CEA0C2C4CEA0C4C14
:10302000A3EB0C0222EA030212EACC1204BF51F80D
:10303000043B0430F4D0C2F1000102EA0102B2FA0A
:1030400082F2C2F11F0200EBD20070470148FFF785
:10305000CBBD00BF205B00200148FFF7C7BD00BF0C
:10306000205B00202DE9F8430646DFF8AC800820FD
:103070008946FFF7BDFD05463046FEF71FFFD8F82D
:1030800008305F6827F00307A7F11104A4EB0904D7
:103090002C44B4FBF5F4013C05FB04F4A54208DC28
:1030A00000213046FFF788FDD8F808303B449842AD
:1030B00005D03046FEF708FF0020BDE8F8836142E6
:1030C0003046FFF779FD01300FD03F1B104AD8F88A
:1030D0000830304647F001075F6013681B1B136020
:1030E000FEF7F2FE0120BDE8F88300213046FFF72D
:1030F00063FDD8F80820831A0F2BDADD43F00103B3
:1031000003495360034B1B68C01A0860D1E700BF36
:10311000285B00205C0E0020680E002000295AD099
:10312000F8B50C460746FEF7C9FE734D54F804CCBB
:10313000A4F10802A8682CF001030CF0010ED118CC
:103140004E68884226F003067CD088194E6040689D
:1031500000F00100BEF1000F2ED154F8084C05F12B
:10316000080C121B23449468644560D0D2F80CE02C
:10317000C4F80CE0CEF8084000287DD043F00100F0
:1031800050600B60B3F5007F2ED25809D908012397
:10319000834068680131034355F831006B6005EBEB
:1031A000C103083BC2E9020345F83120C26038463A
:1031B000BDE8F840FEF788BE70B9334405F1080C4D
:1031C000886843F0010460456ED0C968C1608860BA
:1031D0005460D350D6E770474CF00101B3F5007F3F
:1031E00044F8041CD350D0D3B3F5206F4FEA5321D9
:1031F00044D2990901F1390001F13804C10068187D
:1032000069580838884203D155E08968884204D05B
:103210004C6824F003049C42F7D8C868C2E9021045
:1032200082603846CA60BDE8F840FEF74DBE80BBFC
:103230001E44D1E90213CB60996046F0010353604C
:103240009651B4E71E44BEF1000F07D154F8083C74
:10325000D21A1E44D2E90213CB60996046F00103F2
:103260005360264BAA601B68B342A0D8244B384653
:103270001968FFF7F7FE9AE73344A1E714290DD93F
:1032800054291FD8190B01F16F0001F16E04C10020
:10329000B5E743F0010050600B6088E701F15C0086
:1032A00001F15B04C100AAE7C5E90422C2E902CC2E
:1032B0005460D3507BE7A4100123A3406C682343E0
:1032C0006B60ABE7B1F5AA7F06D8D90B01F17800A6
:1032D00001F17704C10092E740F25450814206D8D0
:1032E000990C01F17D0001F17C04C10087E74FF4E6
:1032F0007E717E2483E700BF680E0020600E0020F0
:10330000585B002099B1034601EB000C10B401E0BA
:103310009C4508D01A4601331478002CF8D1101AB5
:103320005DF8044B704708465DF8044B704708464B
:10333000704700BFF8B500BF5FF800F00D04002033
:103340005FF800F0150400205FF800F04908002045
:103350005FF800F0210200205FF800F0A9070020CC
:103360005FF800F0790200205FF800F07908002093
:103370005FF800F0ED0100205FF800F02506002066
:103380005FF800F05D0700205FF800F08D0200207C
:10339000AD1900102519001051190010491A00101C
:1033A0008D190010C9180010D119001095180010BF
:1033B000190B0010D9190010611300101119001019
:1033C000BF19001071190010BD090010150A001076
:0833D00011020010D15500109C
:1033D80053797374656D20636C6F636B206F66201F
:1033E8002575206B487A2063616E6E6F7420626564
:1033F8002065786163746C792061636869657665B6
:10340800640000007069636F5F6A756E696F7200AF
:103418007069636F5F737461747573007069636F4B
:103428005F636D64000000000A2A2A2A2050414E7A
:103438004943202A2A2A0A000A000000307831630A
:10344800203D3D20282A696E7374293E3E3131752E
:10345800000000002F686F6D652F76616C656E74D3
:10346800696E2F2E7069636F2D73646B2F73646B95
:103478002F322E322E302F7372632F7270325F63A9
:103488006F6D6D6F6E2F68617264776172655F69C9
:1034980072712F6972712E63000000006375727279
:1034A800656E74203D3D205F5F756E68616E646C6B
:1034B80065645F757365725F697271207C7C2063D7
:1034C800757272656E74203D3D2068616E646C652E
:1034D8007200000031203D3D202875696E747074BB
:1034E800725F74296C2D3E7370696E5F6C6F636BCD
:1034F800000000002F686F6D652F76616C656E7433
:10350800696E2F2E7069636F2D73646B2F73646BF4
:103518002F322E322E302F7372632F636F6D6D6FC3
:103528006E2F7069636F5F73796E632F6D75746545
:10353800782E6300746F74616C0000006D74782DD0
:103548003E636F72652E7370696E5F6C6F636B009C
:103558006C6F636B5F69735F6F776E65725F6964C9
:103568005F76616C6964286D74782D3E6F776E653F
:10357800722900006D74782D3E656E7465725F6304
:103588006F756E7400000000706F6F6C2D3E74696B
:103598006D65725F616C61726D5F6E756D203D3D2A
:1035A8002074696D65725F616C61726D5F6E756DB7
:1035B800000000002F686F6D652F76616C656E7472
:1035C800696E2F2E7069636F2D73646B2F73646B34
:1035D8002F322E322E302F7372632F636F6D6D6F03
:1035E8006E2F7069636F5F74696D652F74696D659F
:1035F8002E63000064656661756C745F616C61724E
:103608006D5F706F6F6C5F696E697469616C697A00
:103618006564282900000000417474656D70746544
:103628006420746F20736C65657020696E736964BB
:1036380065206F6620616E20657863657074696FB8
:103648006E2068616E646C65723B207573652062DC
:103658007573795F7761697420696620796F752061
:103668006D7573740000000048617264776172655B
:1036780020616C61726D20256420616C72656164E3
:103688007920636C61696D656400000076636F5F23
:1036980066726571203E3D205049434F5F504C4C47
:1036A8005F56434F5F4D494E5F465245515F485AFA
:1036B8002026262076636F5F66726571203C3D2068
:1036C8005049434F5F504C4C5F56434F5F4D4158F4
:1036D8005F465245515F485A000000002F686F6DE1
:1036E800652F76616C656E74696E2F2E7069636FD5
:1036F8002D73646B2F73646B2F322E322E302F7321
:1037080072632F7270325F636F6D6D6F6E2F6861B9
:103718007264776172655F706C6C2F706C6C2E636D
:10372800000000006662646976203E3D2031362044
:103738002626206662646976203C3D2033323000BC
:1037480028706F73745F64697631203E3D203120A4
:10375800262620706F73745F64697631203C3D20A3
:1037680037292026262028706F73745F64697632A3
:10377800203E3D203120262620706F73745F6469D7
:103788007632203C3D203729000000007265665FD4
:1037980066726571203C3D202876636F5F667265AE
:1037A80071202F20313629004F7574206F66206DE7
:1037B800656D6F72790000004465627567000000EE
:1037C800626F6F74325F77323571303830000000C5
:1037D800322E322E300000007069636F3200000014
:1037E8007069636F5F6D6963726F5F726F735F6536
:1037F80078616D706C65000041707220313620323E
:1038080030323600666E692B00000000666E690073
:103818006E616E00666E692D000000002C206675D2
:103828006E6374696F6E3A200000000061737365FF
:103838007274696F6E2022257322206661696C6537
:10384800643A2066696C6520222573222C206C69F5
:103858006E65202564257325730A000070726F67F2
:1038680072616D2D3E6C656E677468203C3D20501A
:10387800494F5F494E535452554354494F4E5F4345
:103888004F554E54000000002F686F6D652F76610C
:103898006C656E74696E2F2E7069636F2D73646B1F
:1038A8002F73646B2F322E322E302F7372632F7268
:1038B80070325F636F6D6D6F6E2F686172647761D0
:1038C80072655F70696F2F70696F2E63000000006A
:1038D80065000000726F7369646C5F74797065735A
:1038E8007570706F72745F6D6963726F78726365FB
:1038F8006464735F630000003A3A0000257325731F
:103908002573257325732573257300005F00000058
:103918006464730025732573000000007374645F8A
:103928006D73677300000000726F7369646C5F7475
:10393800797065737570706F72745F696E74726F89
:103948007370656374696F6E5F635F5F6765745FEB
:103958006D6573736167655F747970655F737570A2
:10396800706F72745F68616E646C655F5F737464B6
:103978005F6D7367735F5F6D73675F5F496E743305
:1039880032000000726F7369646C5F7479706573DC
:103998007570706F72745F6D6963726F787263654A
:1039A8006464735F635F5F6765745F6D657373619C
:1039B80067655F747970655F737570706F72745F37
:1039C80068616E646C655F5F7374645F6D73677361
:1039D8005F5F6D73675F5F496E743332000000008C
:1039E800726F7369646C5F74797065737570706FEA
:1039F80072745F696E74726F7370656374696F6EE9
:103A08005F6300007374645F6D7367735F5F6D73EA
:103A18006700000064617461000000007374645FF3
:103A28006D7367733A3A6D7367000000524F535FC6
:103A38004C4F43414C484F53545F4F4E4C59000034
:103A48002E0000002F0000002F25730025732F255E
:103A580073000000524F535F44495341424C455F45
:103A68004C4F414E45445F4D4553534147455300E4
:103A7800524F535F53454355524954595F454E4140
:103A8800424C45007472756500000000524F535F48
:103A980053454355524954595F535452415445472D
:103AA80059000000456E666F72636500656E636C51
:103AB8006176657300000000524F535F53454355CC
:103AC800524954595F4B455953544F5245000000D1
:103AD800524F535F53454355524954595F454E43DE
:103AE8004C4156455F4F56455252494445000000E7
:103AF80072636C5F76616C69646174655F656E633F
:103B08006C6176655F6E616D655F776974685F7318
:103B1800697A6528293A20756E6B6E6F776E207208
:103B28006D775F76616C69646174655F6E616D6500
:103B380073706163655F776974685F73697A652814
:103B48002920726573756C7420272564270000008E
:103B5800617267756D656E7420656E765F6E616DF6
:103B680065206973206E756C6C0000006172677562
:103B78006D656E7420656E765F76616C756520691B
:103B880073206E756C6C0000726D775F76616C697E
:103B9800646174655F6E616D657370616365282922
:103BA8003A20756E6B6E6F776E20726D775F7661F7
:103BB8006C69646174655F66756C6C5F746F70695D
:103BC800635F6E616D65282920726573756C74205A
:103BD8002725642700000000756E6B6E6F776E20D6
:103BE800726573756C7420636F646520666F7220EC
:103BF800726D77206E616D657370616365207661A3
:103C08006C69646174696F6E000000006E616D65B7
:103C18007370616365206D757374206E6F742062B4
:103C28006520656D707479006E616D657370616390
:103C380065206D757374206265206162736F6C75A1
:103C480074652C206974206D757374206C656164CB
:103C58002077697468206120272F27006E616D65C1
:103C68007370616365206D757374206E6F74206561
:103C78006E642077697468206120272F272C2075AF
:103C88006E6C657373206F6E6C79206120272F2707
:103C9800000000006E616D657370616365206D756D
:103CA8007374206E6F7420636F6E7461696E206325
:103CB800686172616374657273206F7468657220DD
:103CC8007468616E20616C7068616E756D6572698B
:103CD80063732C20275F272C206F7220272F270043
:103CE8006E616D657370616365206D757374206EA8
:103CF8006F7420636F6E7461696E207265706561A0
:103D080074656420272F27006E616D657370616389
:103D180065206D757374206E6F74206861766520F8
:103D28006120746F6B656E207468617420737461B0
:103D380072747320776974682061206E756D62658E
:103D4800720000006E616D65737061636520736851
:103D58006F756C64206E6F74206578636565642088
:103D680027524D575F4E414D4553504143455F4D96
:103D780041585F4E414D455F4C454E4754482700DA
:103D8800756E6B6E6F776E20726573756C742063D9
:103D98006F646520666F7220726D77206E6F646540
:103DA800206E616D652076616C69646174696F6EFF
:103DB800000000006E6F6465206E616D65206D7592
:103DC8007374206E6F7420626520656D707479005D
:103DD8006E6F6465206E616D65206D757374206EFD
:103DE8006F7420636F6E7461696E206368617261BD
:103DF8006374657273206F74686572207468616E8D
:103E080020616C7068616E756D6572696373206F8F
:103E18007220275F270000006E6F6465206E616D59
:103E280065206D757374206E6F742073746172747D
:103E380020776974682061206E756D626572000074
:103E48006E6F6465206E616D65206C656E67746861
:103E58002073686F756C64206E6F74206578636575
:103E6800656420273235352700000000636472003E
:103E7800726D775F6D6963726F787263656464737E
:103E880000000000726F7369646C5F747970657309
:103E98007570706F72745F6300000000524F535F5B
:103EA8004155544F4D415449435F444953434F563C
:103EB8004552595F52414E47450000004F46460063
:103EC8004C4F43414C484F53540000005355424E09
:103ED8004554000053595354454D5F444546415598
:103EE8004C540000524F535F5354415449435F5060
:103EF8004545525300000000524D575F4155544FFD
:103F08004D415449435F444953434F564552595FC5
:103F180052414E47455F4E4F545F53455400000091
:103F2800524D575F4155544F4D415449435F4449A1
:103F380053434F564552595F52414E47455F4F468E
:103F480046000000524D575F4155544F4D4154496A
:103F5800435F444953434F564552595F52414E4778
:103F6800455F4C4F43414C484F535400524D575FA7
:103F78004155544F4D415449435F444953434F566B
:103F88004552595F52414E47455F5355424E45543D
:103F980000000000524D575F4155544F4D41544960
:103FA800435F444953434F564552595F52414E4728
:103FB800455F53595354454D5F44454641554C540C
:103FC80000000000524F535F444F4D41494E5F4936
:103FD8004400000025732F25732573007B6E6F64E2
:103FE800657D00007B6E737D000000007B6E616D57
:103FF8006573706163657D000840011005FF01006D
:10400800A09827F70166420001FF00006972715FFE
:104018007365745F6578636C75736976655F6861ED
:104028006E646C65720000006D757465785F657804
:10403800697400006D757465785F656E7465725F8C
:10404800626C6F636B5F756E74696C0072756E7409
:10405800696D655F696E69745F6D75746578000078
:10406800616C61726D5F706F6F6C5F6765745F64C0
:10407800656661756C740000616C61726D5F706F6C
:104088006F6C5F6972715F68616E646C6572000065
:10409800706C6C5F696E6974000000000600525015
:1040A800D3F07542C037011006005250E182887F74
:1040B800C837011006005250ABB36053D83701100F
:1040C80006005250BBFF3CB6E037011006005250C4
:1040D800861C0302E8370110060052505422A29DA4
:1040E8000038011005005250DE65F468B85E011012
:1040F800000000000000F03F000000000000244025
:1041080000000000000059400000000000408F40FF
:10411800000000000088C34000000000006AF8406A
:104128000000000080842E4100000000D01263418E
:104138000000000084D797410000000065CDCD4104
:104148000D0A000066696E645F6F66667365745F6A
:10415800666F725F70726F6772616D0000000000B9
:10416800010000000A000000010200000000000039
:104178000000000000000000000000000000000037
:104188000000000000000000000000000000000027
:104198000000000000000000000000000000000017
:1041A8000000000000000000000000000000000007
:1041B80080390010803900109239001086390010BB
:1041C800863900106A3900106A3900106A390010FF
:1041D80098390010BA3900108C390010263A0010AE
:1041E800263A0010223A0010543A0010543A0010AF
:1041F800043A0010043A0010043A0010DC3A0010A7
:104208007E3A0010223A00107C3F0010003E001059
:10421800F03D0010E83D0010DC3D0010AE3D001000
:10422800AE3D0010AE3D00101640001016400010C4
:10423800143E0010143F0010003E0010F03D001026
:10424800E83D0010DC3D0010AE3D0010AE3D001012
:10425800AE3D0010243F0010283F0010143E00100F
:1042680008430010084300101C430010EE420010E1
:10427800EE420010A6420010A6420010A64200100E
:104288005A4300104443001030430010000000005F
:104298000000000000000000000000000000000016
:1042A8000000000000000000000000000000000006
:1042B80000000000000000000000000000000000F6
:1042C80000000000000000000000000000000000E6
:1042D80000000000000000000000000000000000D6
:1042E80000000000000000000000000000000000C6
:1042F80000000000000000000000000000000000B6
:1043080000000000000000000000000000000000A5
:104318000000000000000000000000000000000095
:10432800010000000A000000010200000000000077
:104338000000000000000000000000000000000075
:104348000000000000000000000000000000000065
:104358000000000000000000000000000000000055
:104368000000000000000000000000000000000045
:10437800010000000A000000010200000000000027
:104388000000000000000000000000000000000025
:104398000000000000000000000000000000000015
:1043A8000000000000000000000000000000000005
:1043B80000000000000000000000000000000000F5
:1043C80000000000000000000000000000000000E5
:1043D800000000007274000002000000243901107F
:1043E800FC430110F4430110300C00203039011057
:1043F8008C390110E8390110DC3801100C3A011031
:1044080084390110010000000400000000000000D1
:10441800500C0020E5550010ED550010FFFD000080
:104428005E7200105E720010107500105E7200104F
:1044380000750010987400108E7400105E720010E1
:104448005E720010007400107C7300102A73001054
:104458005E7200105E7200105E7200109A72001098
:1044680058524345010F0000FFFE000078870010F6
:104478003E870010FE860010CA8600107286001063
:10448800FA850010C68500109E8700100000C1C084
:1044980081C1400101C3C003800241C201C6C006F8
:1044A800800741C70005C1C581C4400401CCC00CC8
:1044B800800D41CD000FC1CF81CE400E000AC1CA88
:1044C80081CB400B01C9C009800841C801D8C01878
:1044D800801941D9001BC1DB81DA401A001EC1DEF8
:1044E80081DF401F01DDC01D801C41DC0014C1D4E8
:1044F80081D5401501D7C017801641D601D2C01208
:10450800801341D30011C1D181D0401001F0C030D7
:10451800803141F10033C1F381F240320036C1F6F7
:1045280081F7403701F5C035803441F4003CC1FCC7
:1045380081FD403D01FFC03F803E41FE01FAC03A87
:10454800803B41FB0039C1F981F840380028C1E8B7
:1045580081E9402901EBC02B802A41EA01EEC02EF7
:10456800802F41EF002DC1ED81EC402C01E4C024E7
:10457800802541E50027C1E781E640260022C1E207
:1045880081E3402301E1C021802041E001A0C06017
:10459800806141A10063C1A381A240620066C1A6F7
:1045A80081A7406701A5C065806441A4006CC1ACC7
:1045B80081AD406D01AFC06F806E41AE01AAC06A87
:1045C800806B41AB0069C1A981A840680078C1B877
:1045D80081B9407901BBC07B807A41BA01BEC07EF7
:1045E800807F41BF007DC1BD81BC407C01B4C074E7
:1045F800807541B50077C1B781B640760072C1B207
:1046080081B3407301B1C071807041B00050C19056
:10461800819140510193C053805241920196C056F6
:10462800805741970055C19581944054019CC05CC6
:10463800805D419D005FC19F819E405E005AC19A86
:10464800819B405B0199C059805841980188C048B6
:1046580080494189004BC18B818A404A004EC18EF6
:10466800818F404F018DC04D804C418C0044C184E6
:10467800818540450187C047804641860182C04206
:10468800804341830041C1818180404018940010DB
:1046980056940010FC9300101C9400101C940010F9
:1046A800FC930010FC930010FC930010FC93001086
:1046B800189400100494001004940010049400103E
:1046C800929400108A940010929A0010069B001091
:1046D800969A0010C89A0010C89A0010969A00106E
:1046E800969A0010969A0010969A0010929A0010C6
:1046F800A29A0010A29A0010A29A0010409B0010E3
:10470800789B00100E9E0010969E0010129E0010BE
:10471800429E0010429E0010129E0010129E001031
:10472800129E0010129E00100E9E0010209E001077
:10473800209E0010209E0010889E00107A9E001077
:104748000000000000000000000000000000000061
:104758000000000000000000010000000A00000046
:10476800010200000000000000000000000000003E
:104778000000000000000000000000000000000031
:104788000000000000000000000000000000000021
:104798000000000000000000000000000000000011
:1047A800000000000000000000000000F6BD00103E
:1047B800D4BD0010D4BD0010D4BD0010D4BD00106D
:1047C800D4BD0010D4BD001000000000000000009F
:1047D80000000000000000000000000000000000D1
:1047E80000000000000000000000000000000000C1
:1047F80000000000000000000000000000000000B1
:1048080000000000000000000000000000000000A0
:1048180075D4001079D400100000000000000000DA
:10482800000000000000000079D400107DD40010C2
:1048380081D400100000000000000000000000000B
:104848007DD4001081D4001085D400100000000031
:104858000000000000000000000000000000000050
:104868000000000000000000000000000000000040
:104878000000000000000000000000000000000030
:104888000000000000000000000000000000000020
:104898000000000000000000000000000000000010
:1048A80000000000000000000000000056E00010BA
:1048B80038E0001038E0001038E0001038E0001050
:1048C80038E0001038E0001000000000143C01102F
:1048D800303C0110643C01109C3C0110E83C011084
:1048E800103D01104C3D011000000000BC3D0110BE
:1048F800D83D0110203E0110483E0110783E0110BD
:10490800047DC12502000000FFD7F232000000003C
:10491800046200200100000001000000480E002091
:104928001200000012000000EC0C00200300000040
:1049380003000000F00C0020060100000601000042
:10494800480E00201200000012000000F80D0020A0
:10495800010000000100000000000000000000004D
:1049680000000000003F0110283F01104C3F0110DB
:10497800743F01109C3F011000000000000000007F
:10498800F4110110B6110110B6110110B611011081
:10499800B6110110B6110110B6110110B6110110AF
:1049A800B6110110B6110110B6110110E011011075
:1049B800E0110110E0110110E0110110E0110110E7
:1049C800E0110110E0110110B6110110B61101102B
:1049D800B6110110B6110110B6110110B61101106F
:1049E800B6110110B6110110B6110110B61101105F
:1049F800B6110110B6110110B6110110B61101104F
:104A0800B6110110B6110110B6110110B61101103E
:104A1800B6110110B6110110B6110110B61101102E
:104A2800B6110110B6110110B6110110B61101101E
:104A3800E0110110E0110110E0110110E011011066
:104A480096110110E0110110B6110110B6110110F4
:104A5800B6110110B6110110B6110110B6110110EE
:104A6800B6110110B6110110B6110110B6110110DE
:104A7800B6110110B6110110B6110110B6110110CE
:104A8800B6110110B6110110B6110110B6110110BE
:104A9800B6110110B6110110B6110110B6110110AE
:104AA800B6110110B6110110B6110110B61101109E
:104AB80088110110E01101101A12011006120110DC
:104AC80000202020202020202020282828282820D6
:104AD80020202020202020202020202020202020CE
:104AE8002088101010101010101010101010101036
:104AF8001004040404040404040404101010101026
:104B080010104141414141410101010101010101EF
:104B18000101010101010101010101011010101041
:104B280010104242424242420202020202020202C1
:104B38000202020202020202020202021010101015
:104B4800200000000000000000000000000000003D
:104B5800000000000000000000000000000000004D
:104B6800000000000000000000000000000000003D
:104B7800000000000000000000000000000000002D
:104B8800000000000000000000000000000000001D
:104B9800000000000000000000000000000000000D
:104BA80000000000000000000000000000000000FD
:104BB80000000000000000000000000000000000ED
:044BC80000000000E9
:084BCC0040E0FF7F0100000042
:104BD400A4400110B0400110BC400110C8400110B5
:0C4BE400D4400110E0400110EC40011032
:104BF00000B503460068EFF3108272B6D0E8CFEF3D
:104C00005FF0010CBEF1000FF8D1C0E84ECFBEF14D
:104C1000000FF3D1BFF35F8F93F9040000280ADB84
:104C200081B10860002019680023C1E88F3F82F33A
:104C300010885DF804FB4FF0504191F90010197194
:104C40000120F0E70020EEE7F8B51E460368002BD0
:104C500027D0044615464FF0504393F90070216861
:104C6000EFF3108C72B6D1E8CF2F0123002AFAD1CE
:104C7000C1E8423F002AF6D1BFF35F8F94F904E008
:104C8000BEF1000F13DB22680023C2E88F3F8CF3D4
:104C900010882846314600F013FD0028DFD00020A0
:104CA0000DE0074B074AA621074800F005FD2771D4
:104CB00022680023C2E88F3F8CF310880120F8BDE2
:104CC000443501103C400110FC34011070B582B035
:104CD000064615461C4601A9FFF78AFF38B99DF91B
:104CE00004204FF0504393F900309A4201D102B0B2
:104CF00070BD2A4623463046FFF7A6FFF7E70000BF
:104D000008B50268EFF3108372B6D2E8CFCF012165
:104D1000BCF1000FF9D1C2E84C1FBCF1000FF4D177
:104D2000BFF35F8F90F90420002A09DBFF22027194
:104D300001680022C1E88F2F83F3108840BF08BDAF
:104D4000024B034AD521034800F0B6FC5835011048
:104D500030400110FC340110002902D0B0FBF1F00A
:104D6000704708B14FF0FF3000F008B80029F8D0C4
:104D70000246B0FBF1F000FB11217047704700BF05
:104D800080F0004002E000BF81F0004142001FBF00
:104D90005FEA410392EA030F7FEA226C7FEA236C09
:104DA0006AD04FEA1262D2EB1363C1BFD2184140FE
:104DB00048404140B8BF5B42192B88BF704710F094
:104DC000004F40F4000020F07F4018BF404211F037
:104DD000004F41F4000121F07F4118BF494292EA9F
:104DE000030F3FD0A2F1010241FA03FC10EB0C00CB
:104DF000C3F1200301FA03F100F0004302D5494258
:104E000060EB4000B0F5000F13D3B0F1807F06D304
:104E100040084FEA310102F10102FE2A51D2B1F1FC
:104E2000004F40EBC25008BF20F0010040EA0300F1
:104E30007047490040EB0000013A28BFB0F5000F71
:104E4000EDD2B0FA80FCACF1080CB2EB0C0200FA27
:104E50000CF0AABF00EBC25052421843BCBFD04076
:104E60001843704792F0000F81F4000106BF80F4F0
:104E700000000132013BB5E74FEA41037FEA226CB3
:104E800018BF7FEA236C21D092EA030F04D092F07E
:104E9000000F08BF0846704790EA010F1CBF0020B2
:104EA000704712F07F4F04D1400028BF40F000400F
:104EB000704712F100723CBF00F50000704700F02F
:104EC000004343F0FE4040F4000070477FEA226256
:104ED00016BF08467FEA23630146420206BF5FEA27
:104EE000412390EA010F40F4800070474FF0000327
:104EF00004E000BF10F0004348BF40425FEA000CEE
:104F000008BF704743F0964301464FF000001CE095
:104F100050EA010208BF70474FF000030AE000BFEB
:104F200050EA010208BF704711F0004302D5404229
:104F300061EB41015FEA010C02BF8446014600209B
:104F400043F0B64308BFA3F18053A3F50003BCFAB6
:104F50008CF2083AA3EBC25310DB01FA02FC634463
:104F600000FA02FCC2F12002BCF1004F20FA02F26A
:104F700043EB020008BF20F00100704702F120025D
:104F800001FA02FCC2F1200250EA4C0021FA02F2BE
:104F900043EB020008BF20EADC7070474FF0FF0CC3
:104FA0001CEAD0521EBF1CEAD15392EA0C0F93EABE
:104FB0000C0F6FD01A4480EA010C400218BF5FEA60
:104FC00041211ED04FF0006343EA501043EA5111D3
:104FD000A0FB01310CF00040B1F5000F3EBF4900CD
:104FE00041EAD3715B0040EA010062F17F02FD2AD1
:104FF0001DD8B3F1004F40EBC25008BF20F00100B4
:10500000704790F0000F0CF0004C08BF49024CEACA
:10501000502040EA51207F3AC2BFD2F1FF0340EA5C
:10502000C250704740F400004FF00003013A5DDCCD
:1050300012F1190FDCBF00F000407047C2F100020E
:10504000410021FA02F1C2F1200200FA02FC5FEAFB
:10505000310040F1000053EA4C0308BF20EADC7045
:10506000704792F0000F00F0004C02BF400010F4B7
:10507000000F013AF9D040EA0C0093F0000F01F064
:10508000004C02BF490011F4000F013BF9D041EA86
:105090000C018FE70CEAD15392EA0C0F18BF93EA88
:1050A0000C0F0AD030F0004C18BF31F0004CD8D1B2
:1050B00080EA010000F00040704790F0000F17BF39
:1050C00090F0004F084691F0000F91F0004F14D07F
:1050D00092EA0C0F01D142020FD193EA0C0F03D1D7
:1050E0004B0218BF084608D180EA010000F00040DA
:1050F00040F0FE4040F40000704740F0FE4040F4B5
:10510000400070474FF0FF0C1CEAD0521EBF1CEA53
:10511000D15392EA0C0F93EA0C0F69D0A2EB030271
:1051200080EA010C49024FEA402037D04FF080530B
:1051300043EA111143EA10130CF000408B4238BFD0
:105140005B0042F17D024FF4000C8B4224BF5B1ADE
:1051500040EA0C00B3EB510F24BFA3EB510340EA2C
:105160005C00B3EB910F24BFA3EB910340EA9C00DA
:10517000B3EBD10F24BFA3EBD10340EADC001B014A
:1051800018BF5FEA1C1CE0D1FD2A3FF650AF8B42EE
:1051900040EBC25008BF20F0010070470CF0004CFB
:1051A0004CEA50207F32C2BFD2F1FF0340EAC25026
:1051B000704740F400004FF00003013A37E792F0E7
:1051C000000F00F0004C02BF400010F4000F013A45
:1051D000F9D040EA0C0093F0000F01F0004C02BF40
:1051E000490011F4000F013BF9D041EA0C0195E7A9
:1051F0000CEAD15392EA0C0F08D142027FF47DAF42
:1052000093EA0C0F7FF470AF084676E793EA0C0F31
:1052100004D14B023FF44CAF08466EE730F0004C2F
:1052200018BF31F0004CCAD130F000427FF45CAFBF
:1052300031F000437FF43CAF5FE700BF4FEA40022C
:10524000B2F1FE4F0FD34FF09E03B3EB12620DD9B4
:105250004FEA002343F0004310F0004F23FA02F01E
:1052600018BF404270474FF00000704712F1610FC5
:1052700001D1420205D110F0004008BF6FF000409C
:1052800070474FF0000070477BB972B90029BEBF6C
:1052900000204FF0004106E008BF00281CBF6FF05F
:1052A00000414FF0FF30FFF769BDADF1080C6DE92B
:1052B00004CE002909DB002B1ADB00F055F8DDF8DD
:1052C00004E0DDE9022304B07047404261EB410194
:1052D000002B1BDB00F048F8DDF804E0DDE90223D9
:1052E00004B0404261EB4101524263EB430370471B
:1052F000524263EB430300F037F8DDF804E0DDE9E8
:10530000022304B0404261EB41017047524263EB1B
:10531000430300F029F8DDF804E0DDE9022304B0DE
:10532000524263EB4303704753B94AB9002908BF9F
:1053300000281CBF4FF0FF314FF0FF30FFF71EBDBC
:10534000ADF1080C6DE904CE00F00EF8DDF804E0D4
:10535000DDE9022304B0704702FB01F103FB0011F9
:10536000A0FB0202114470472DE9F04F8C46099EC4
:1053700004460F46002B48D18A4215465ED9B2FA40
:1053800082F33BB1C3F120029F409D409C4020FA34
:1053900002F217434FEA154E1FFA85FC220CB7FBA9
:1053A000FEF10EFB117701FB0CF042EA074290423E
:1053B00007D9AA1801F1FF3702D2904200F25881B2
:1053C0003946121AA4B2B2FBFEF00EFB102200FB0B
:1053D0000CFC44EA0244A4450BD92C1900F1FF321D
:1053E0002CBF01270027A44502D9002F00F04381DC
:1053F000104640EA0140A4EB0C0400211EB1DC4041
:105400000023C6E90043BDE8F08F8B4206D90EB1F8
:10541000C6E9000100210846BDE8F08FB3FA83F128
:10542000002951D16345C0F01681824240F21381B8
:105430000846002EE7D0C6E90047E4E7002A00F05E
:10544000AF80B2FA82F3002B40F0C2808A1A4FEA92
:10545000154EAFB20121200CB2FBFEFC0EFB1C224C
:1054600040EA024207FB0CF090420ED9AA180CF158
:10547000FF382CBF4FF001094FF00009904203D9CB
:10548000B9F1000F00F0F080C446121AA4B2B2FBCA
:10549000FEF00EFB102200FB07F744EA0244A7428D
:1054A0000ED92C1900F1FF322CBF4FF0010E4FF036
:1054B000000EA74203D9BEF1000F00F0D2801046C3
:1054C000E41B40EA0C4099E7C1F120058B400CFA3F
:1054D00001F400FA01F922FA05F72CFA05FC8A40DA
:1054E0001F4320FA05F3380C23431FFA87FE1C0CD8
:1054F000BCFBF0F800FB18CC44EA0C4408FB0EFCA3
:10550000A4450ED93C1908F1FF3A2CBF4FF0010B0E
:105510004FF0000BA44503D9BBF1000F00F0B88099
:10552000D046A4EB0C041FFA83FCB4FBF0F300FBA1
:10553000134403FB0EFE4CEA0444A6450ED93C1965
:1055400003F1FF302CBF4FF0010C4FF0000CA645CB
:1055500003D9BCF1000F00F09F80034643EA0840E6
:10556000A4EB0E04A0FB02EC64457346E04602D3B4
:1055700007D1F14505D2BEEB02036CEB070C0138F5
:10558000E0465EB1B9EB030264EB080404FA05F5EA
:1055900022FA01F3CC401D43C6E90054002132E752
:1055A00042082F464B08AC4642EAC172AE46C407D9
:1055B000110C92B241EA034142EA0142B1FBF5F11A
:1055C000B3FBF5F01F23A2EB0C0241EA004142E7D6
:1055D0009D40C3F1200299409C402CFA02FC4FEA06
:1055E000154E20FA02F2AFB2BCFBFEF80A430EFBE6
:1055F00018CC110C41EA0C4108FB07FC8C4550D932
:10560000691808F1FF302CBF4FF001094FF0000975
:105610008C4502D9B9F1000F30D0A1EB0C01B1FBE0
:10562000FEF808FB07FC0EFB181192B242EA014299
:10563000624534D2AA1808F1FF312CBF4FF001099E
:105640004FF000096245BED2B9F1000FBBD1A8F1FD
:1056500002012A44B7E7841A6CEB030201201746C3
:10566000E7E62C4402382BE7ACF1020C2A440CE7A5
:1056700002392A44A5E62C440238BAE6A5EB0C0C04
:10568000A8F102006144B1FBFEF808FB07FCCAE781
:10569000A8F102083C4444E7023B3C445EE7414633
:1056A00091E7A1EB0C014046B1FBFEF808FB07FCBB
:1056B000B9E700BF000000005FF800F051310010B2
:1056C0005FF800F05D120010100000000000000004
:1056D00000000000000000000000000000000000CA
:1056E000A85800209D470010954700108D470010D6
:1056F000854700100000000000000000E04301109A
:1057000099F6001001F7001009F7001021F70010BA
:10571000F5550010795600100000000004440110F7
:105720009D55001001F7001009F7001021F7001037
:105730001C3A01100D0000000000000000000000F5
:105740000000000000000000000000000000000059
:105750000000000000000000000000000000000049
:10576000000000000000000000000000DC38011014
:10577000A40C00209D55001001F7001009F700103F
:1057800021F70010243A0110843901104956001005
:1057900021560010615600103156001011560010AD
:1057A0008C3E0110E839011001B6578DED3C58C60A
:1057B00026CFE8D1A6FB6E04F706F97E9F03D272CE
:1057C0007C9FF4E74B1CEF0DEB0000006D7367004E
:1057D00023205468697320776173206F7269676949
:1057E0006E616C6C792070726F766964656420619B
:1057F0007320616E206578616D706C65206D6573D6
:10580000736167652E0A23204974206973206465DB
:105810007072656361746564206173206F662046F1
:105820006F78790A23204974206973207265636F49
:105830006D6D656E64656420746F2063726561745C
:105840006520796F7572206F776E2073656D616E5C
:10585000746963616C6C79206D65616E696E6766F1
:10586000756C206D6573736167652E0A2320486F20
:10587000776576657220696620796F7520776F7518
:105880006C64206C696B6520746F20636F6E746943
:105890006E7565207573696E672074686973207012
:1058A0006C6561736520757365207468652065712A
:1058B000756976616C656E7420696E206578616DBE
:1058C000706C655F6D7367732E0A0A696E7433328C
:1058D0002064617461000000400E0020040000009C
:1058E00004000000000000000600000000000000AE
:1058F00000000000000000000000000000000000A8
:105900000000000000000000000000000000000097
:105910000000000000000000000000000000000087
:1059200064617461000000007374645F6D73677379
:105930002F6D73672F496E7433320000FFFFFFFF36
:105940000000020000000000000000000000000055
:10595000680E0020680E0020700E0020700E0020DF
:10596000780E0020780E0020800E0020800E00208F
:10597000880E0020880E0020900E0020900E00203F
:10598000980E0020980E0020A00E0020A00E0020EF
:10599000A80E0020A80E0020B00E0020B00E00209F
:1059A000B80E0020B80E0020C00E0020C00E00204F
:1059B000C80E0020C80E0020D00E0020D00E0020FF
:1059C000D80E0020D80E0020E00E0020E00E0020AF
:1059D000E80E0020E80E0020F00E0020F00E00205F
:1059E000F80E0020F80E0020000F0020000F00200D
:1059F000080F0020080F0020100F0020100F0020BB
:105A0000180F0020180F0020200F0020200F00206A
:105A1000280F0020280F0020300F0020300F00201A
:105A2000380F0020380F0020400F0020400F0020CA
:105A3000480F0020480F0020500F0020500F00207A
:105A4000580F0020580F0020600F0020600F00202A
:105A5000680F0020680F0020700F0020700F0020DA
:105A6000780F0020780F0020800F0020800F00208A
:105A7000880F0020880F0020900F0020900F00203A
:105A8000980F0020980F0020A00F0020A00F0020EA
:105A9000A80F0020A80F0020B00F0020B00F00209A
:105AA000B80F0020B80F0020C00F0020C00F00204A
:105AB000C80F0020C80F0020D00F0020D00F0020FA
:105AC000D80F0020D80F0020E00F0020E00F0020AA
:105AD000E80F0020E80F0020F00F0020F00F00205A
:105AE000F80F0020F80F0020001000200010002008
:105AF00008100020081000201010002010100020B6
:105B00001810002018100020201000202010002065
:105B10002810002028100020301000203010002015
:105B200038100020381000204010002040100020C5
:105B30004810002048100020501000205010002075
:105B40005810002058100020601000206010002025
:105B500068100020681000207010002070100020D5
:105B60007810002078100020801000208010002085
:105B70008810002088100020901000209010002035
:105B80009810002098100020A0100020A0100020E5
:105B9000A8100020A8100020B0100020B010002095
:105BA000B8100020B8100020C0100020C010002045
:105BB000C8100020C8100020D0100020D0100020F5
:105BC000D8100020D8100020E0100020E0100020A5
:105BD000E8100020E8100020F0100020F010002055
:105BE000F8100020F8100020001100200011002003
:105BF00008110020081100201011002010110020B1
:105C00001811002018110020201100202011002060
:105C10002811002028110020301100203011002010
:105C200038110020381100204011002040110020C0
:105C30004811002048110020501100205011002070
:105C40005811002058110020601100206011002020
:105C500068110020681100207011002070110020D0
:105C60007811002078110020801100208011002080
:105C70008811002088110020901100209011002030
:105C80009811002098110020A0110020A0110020E0
:105C9000A8110020A8110020B0110020B011002090
:105CA000B8110020B8110020C0110020C011002040
:105CB000C8110020C8110020D0110020D0110020F0
:105CC000D8110020D8110020E0110020E0110020A0
:105CD000E8110020E8110020F0110020F011002050
:105CE000F8110020F81100200012002000120020FE
:105CF00008120020081200201012002010120020AC
:105D0000181200201812002020120020201200205B
:105D1000281200202812002030120020301200200B
:105D200038120020381200204012002040120020BB
:105D3000481200204812002050120020501200206B
:105D4000581200205812002060120020601200201B
:105D50007812002000000000000000005C5B0020C2
:105D6000C45B00202C5C002000000000000000004C
:105D70000000000000000000000000000000000023
:105D80000000000000000000000000000000000013
:105D90000000000000000000000000000000000003
:105DA00000000000000000000000000000000000F3
:105DB00000000000000000000000000000000000E3
:105DC00000000000000000000000000000000000D3
:105DD00000000000000000000000000000000000C3
:105DE00000000000000000000000000000000000B3
:105DF00001000000000000000E33CDAB34126DE650
:105E0000ECDE05000B0000000000000000000000B8
:105E10000000000000000000000000000000000082
:105E20000000000000000000000000000000000072
:105E30000000000000000000000000000000000062
:105E40000000000000000000000000000000000052
:105E50000000000000000000000000000000000042
:105E60000000000000000000000000000000000032
:105E70000000000000000000000000000000000022
:105E80000000000000000000000000000000000012
:105E90000000000000000000586100200000000029
:045EA00000000000FE
:105EA400D3DEFFFFFE010000FF01000094A2FEFF0D
:045EB400793512AB7F
:040000051000014D99
:00000001FF
